NARCOTICS,STREET
ASSAULT,RESIDENCE
ROBBERY,SIDEWALK
ROBBERY,STREET
CRIMINAL DAMAGE,TAXICAB
CRIMINAL DAMAGE,RESIDENCE
MOTOR VEHICLE THEFT,STREET
THEFT,RESIDENCE
THEFT,DRUG STORE
THEFT,APARTMENT
BATTERY,RESIDENCE
CRIMINAL DAMAGE,RESIDENCE
MOTOR VEHICLE THEFT,STREET
THEFT,PARKING LOT/GARAGE(NON.RESID.)
THEFT,DEPARTMENT STORE
CRIMINAL DAMAGE,STREET
ASSAULT,STREET
CRIMINAL DAMAGE,RESIDENCE
CRIMINAL DAMAGE,ALLEY
CRIMINAL TRESPASS,APARTMENT
CRIMINAL DAMAGE,RESIDENCE
INTERFERENCE WITH PUBLIC OFFICER,STREET
THEFT,STREET
NARCOTICS,STREET
BURGLARY,PARKING LOT/GARAGE(NON.RESID.)
CRIMINAL DAMAGE,RESIDENCE
CRIMINAL DAMAGE,STREET
ROBBERY,GAS STATION
CRIMINAL DAMAGE,RESIDENCE
THEFT,GROCERY FOOD STORE
CRIMINAL DAMAGE,APARTMENT
OTHER OFFENSE,RESIDENCE
BATTERY,NURSING HOME/RETIREMENT HOME
THEFT,STREET
MOTOR VEHICLE THEFT,STREET
MOTOR VEHICLE THEFT,STREET
BURGLARY,APARTMENT
THEFT,RESTAURANT
ASSAULT,APARTMENT
BATTERY,APARTMENT
THEFT,CTA TRAIN
THEFT,CTA BUS
CRIMINAL DAMAGE,STREET
BURGLARY,APARTMENT
NARCOTICS,PARKING LOT/GARAGE(NON.RESID.)
THEFT,APARTMENT
OFFENSE INVOLVING CHILDREN,RESIDENCE
CRIMINAL TRESPASS,COMMERCIAL / BUSINESS OFFICE
THEFT,BANK
BURGLARY,APARTMENT
NARCOTICS,SIDEWALK
NARCOTICS,STREET
CRIMINAL DAMAGE,STREET
ASSAULT,PARKING LOT/GARAGE(NON.RESID.)
NARCOTICS,SIDEWALK
NARCOTICS,ALLEY
BURGLARY,GOVERNMENT BUILDING/PROPERTY
MOTOR VEHICLE THEFT,STREET
THEFT,RESIDENCE-GARAGE
NARCOTICS,GAS STATION
BATTERY,APARTMENT
DECEPTIVE PRACTICE,RESIDENCE
BATTERY,SIDEWALK
OTHER OFFENSE,RESIDENCE
CRIMINAL DAMAGE,STREET
DECEPTIVE PRACTICE,CONVENIENCE STORE
NARCOTICS,OTHER RAILROAD PROP / TRAIN DEPOT
CRIMINAL DAMAGE,PARK PROPERTY
NARCOTICS,SIDEWALK
THEFT,GROCERY FOOD STORE
THEFT,SMALL RETAIL STORE
OTHER OFFENSE,APARTMENT
ROBBERY,RESIDENCE
NARCOTICS,SIDEWALK
BURGLARY,RESIDENCE-GARAGE
WEAPONS VIOLATION,STREET
THEFT,APARTMENT
BURGLARY,APARTMENT
BURGLARY,RESIDENCE
CRIMINAL DAMAGE,RESIDENCE
CRIMINAL DAMAGE,RESIDENCE
THEFT,DEPARTMENT STORE
CRIMINAL DAMAGE,STREET
WEAPONS VIOLATION,STREET
THEFT,APARTMENT
NARCOTICS,GOVERNMENT BUILDING/PROPERTY
NARCOTICS,STREET
CRIMINAL DAMAGE,RESIDENCE
CRIMINAL DAMAGE,PARK PROPERTY
BATTERY,SIDEWALK
NARCOTICS,SIDEWALK
THEFT,STREET
BATTERY,APARTMENT
ROBBERY,SIDEWALK
MOTOR VEHICLE THEFT,STREET
BATTERY,RESIDENCE
BURGLARY,DEPARTMENT STORE
CRIMINAL DAMAGE,RESTAURANT
CRIMINAL DAMAGE,APARTMENT
BATTERY,APARTMENT
MOTOR VEHICLE THEFT,STREET
NARCOTICS,STREET
NARCOTICS,VEHICLE NON-COMMERCIAL
THEFT,RESIDENTIAL YARD (FRONT/BACK)
BATTERY,APARTMENT
CRIMINAL DAMAGE,RESTAURANT
CRIMINAL TRESPASS,POLICE FACILITY/VEH PARKING LOT
NARCOTICS,VEHICLE NON-COMMERCIAL
BURGLARY,RESIDENCE
BURGLARY,APARTMENT
OTHER OFFENSE,SMALL RETAIL STORE
CRIMINAL DAMAGE,CTA TRAIN
PUBLIC PEACE VIOLATION,STREET
THEFT,RESIDENCE
THEFT,RESIDENCE
BATTERY,APARTMENT
OTHER OFFENSE,STREET
BURGLARY,RESIDENCE
MOTOR VEHICLE THEFT,CTA GARAGE / OTHER PROPERTY
BATTERY,RESTAURANT
THEFT,RESIDENCE
THEFT,BAR OR TAVERN
WEAPONS VIOLATION,STREET
NARCOTICS,PARKING LOT/GARAGE(NON.RESID.)
THEFT,STREET
BATTERY,RESIDENCE
BURGLARY,WAREHOUSE
OTHER OFFENSE,RESIDENCE
BURGLARY,APARTMENT
BATTERY,APARTMENT
MOTOR VEHICLE THEFT,STREET
BATTERY,APARTMENT
THEFT,PARKING LOT/GARAGE(NON.RESID.)
WEAPONS VIOLATION,SIDEWALK
NARCOTICS,SIDEWALK
THEFT,CTA TRAIN
ASSAULT,LIBRARY
CRIMINAL DAMAGE,RESIDENCE
OTHER OFFENSE,RESIDENCE
THEFT,BANK
BATTERY,STREET
CRIMINAL TRESPASS,RESIDENCE PORCH/HALLWAY
ASSAULT,APARTMENT
OTHER OFFENSE,APARTMENT
OTHER OFFENSE,APARTMENT
DECEPTIVE PRACTICE,BAR OR TAVERN
BURGLARY,APARTMENT
BURGLARY,APARTMENT
CRIMINAL DAMAGE,RESIDENCE
BATTERY,RESIDENCE
BATTERY,VEHICLE NON-COMMERCIAL
ROBBERY,RESIDENCE
BATTERY,STREET
OFFENSE INVOLVING CHILDREN,RESIDENCE
BURGLARY,RESIDENCE
THEFT,RESIDENTIAL YARD (FRONT/BACK)
ROBBERY,STREET
OFFENSE INVOLVING CHILDREN,RESIDENCE
BURGLARY,RESIDENCE
BATTERY,STREET
BURGLARY,RESIDENCE
BURGLARY,APARTMENT
DECEPTIVE PRACTICE,RESIDENCE
OTHER OFFENSE,APARTMENT
NARCOTICS,ALLEY
BATTERY,APARTMENT
BURGLARY,RESIDENCE
THEFT,DEPARTMENT STORE
CRIMINAL DAMAGE,STREET
NARCOTICS,SMALL RETAIL STORE
THEFT,HOTEL/MOTEL
THEFT,VEHICLE NON-COMMERCIAL
BURGLARY,RESIDENCE
BATTERY,STREET
BATTERY,APARTMENT
OTHER OFFENSE,APARTMENT
THEFT,APARTMENT
OTHER OFFENSE,APARTMENT
THEFT,APARTMENT
CRIMINAL TRESPASS,RESIDENCE
BURGLARY,APARTMENT
DECEPTIVE PRACTICE,APARTMENT
ASSAULT,APARTMENT
MOTOR VEHICLE THEFT,STREET
INTERFERENCE WITH PUBLIC OFFICER,RESIDENCE
CRIMINAL DAMAGE,RESIDENCE
NARCOTICS,STREET
DECEPTIVE PRACTICE,RESIDENCE
BATTERY,RESIDENCE
ROBBERY,STREET
CRIMINAL DAMAGE,STREET
NARCOTICS,STREET
MOTOR VEHICLE THEFT,STREET
BURGLARY,APARTMENT
DECEPTIVE PRACTICE,RESIDENCE
NARCOTICS,APARTMENT
CRIMINAL DAMAGE,STREET
BATTERY,RESIDENTIAL YARD (FRONT/BACK)
INTERFERENCE WITH PUBLIC OFFICER,STREET
THEFT,RESIDENCE PORCH/HALLWAY
MOTOR VEHICLE THEFT,STREET
BATTERY,STREET
CRIMINAL DAMAGE,RESIDENCE
BURGLARY,RESIDENCE
THEFT,RESTAURANT
OTHER OFFENSE,RESIDENCE
ASSAULT,BAR OR TAVERN
THEFT,SIDEWALK
NARCOTICS,RESIDENTIAL YARD (FRONT/BACK)
BATTERY,APARTMENT
OTHER OFFENSE,RESIDENCE
BURGLARY,APARTMENT
NARCOTICS,SIDEWALK
OTHER OFFENSE,RESIDENCE
THEFT,DEPARTMENT STORE
DECEPTIVE PRACTICE,SMALL RETAIL STORE
OFFENSE INVOLVING CHILDREN,RESIDENCE
CRIMINAL DAMAGE,APARTMENT
OTHER OFFENSE,STREET
BURGLARY,APARTMENT
MOTOR VEHICLE THEFT,STREET
ROBBERY,SIDEWALK
BATTERY,SMALL RETAIL STORE
THEFT,HOTEL/MOTEL
THEFT,STREET
THEFT,BANK
THEFT,RESIDENTIAL YARD (FRONT/BACK)
NARCOTICS,SIDEWALK
BATTERY,RESIDENCE
ASSAULT,APARTMENT
BATTERY,APARTMENT
CRIMINAL DAMAGE,RESIDENCE-GARAGE
BATTERY,RESIDENCE
BURGLARY,PARKING LOT/GARAGE(NON.RESID.)
WEAPONS VIOLATION,STREET
ROBBERY,STREET
BATTERY,CTA TRAIN
THEFT,CTA TRAIN
NARCOTICS,RESIDENTIAL YARD (FRONT/BACK)
BURGLARY,APARTMENT
DECEPTIVE PRACTICE,RESTAURANT
CRIM SEXUAL ASSAULT,ALLEY
MOTOR VEHICLE THEFT,STREET
BATTERY,RESIDENCE
NARCOTICS,STREET
CRIMINAL DAMAGE,APARTMENT
MOTOR VEHICLE THEFT,STREET
OTHER OFFENSE,STREET
NARCOTICS,SIDEWALK
BATTERY,APARTMENT
BATTERY,APARTMENT
BURGLARY,BARBERSHOP
CRIMINAL DAMAGE,RESIDENCE-GARAGE
THEFT,DEPARTMENT STORE
LIQUOR LAW VIOLATION,TAVERN/LIQUOR STORE
WEAPONS VIOLATION,APARTMENT
BATTERY,APARTMENT
THEFT,RESIDENCE
THEFT,GAS STATION
BATTERY,APARTMENT
BATTERY,GAS STATION
ASSAULT,DEPARTMENT STORE
BATTERY,RESIDENCE
ASSAULT,APARTMENT
BURGLARY,RESIDENCE
ASSAULT,LIBRARY
DECEPTIVE PRACTICE,RESTAURANT
BURGLARY,RESIDENCE
BATTERY,APARTMENT
ROBBERY,GAS STATION
BURGLARY,RESIDENCE
ROBBERY,SIDEWALK
NARCOTICS,STREET
NARCOTICS,SIDEWALK
ROBBERY,SIDEWALK
CRIMINAL DAMAGE,STREET
THEFT,STREET
BATTERY,RESIDENCE
THEFT,DEPARTMENT STORE
CRIMINAL DAMAGE,GOVERNMENT BUILDING/PROPERTY
THEFT,RESIDENCE
BURGLARY,RESIDENCE
THEFT,ALLEY
CRIMINAL DAMAGE,RESIDENTIAL YARD (FRONT/BACK)
BATTERY,APARTMENT
THEFT,BAR OR TAVERN
DECEPTIVE PRACTICE,RESIDENCE
THEFT,STREET
THEFT,DEPARTMENT STORE
OTHER OFFENSE,RESIDENCE
DECEPTIVE PRACTICE,SMALL RETAIL STORE
THEFT,CTA TRAIN
BURGLARY,RESIDENCE
BATTERY,RESIDENCE
ROBBERY,SIDEWALK
NARCOTICS,APARTMENT
NARCOTICS,SIDEWALK
NARCOTICS,STREET
BURGLARY,RESIDENCE-GARAGE
NARCOTICS,RESIDENCE
ROBBERY,SIDEWALK
BATTERY,GROCERY FOOD STORE
ASSAULT,RESIDENCE
INTERFERENCE WITH PUBLIC OFFICER,RESIDENCE
NARCOTICS,STREET
THEFT,CTA TRAIN
BURGLARY,SMALL RETAIL STORE
THEFT,GAS STATION
BATTERY,RESIDENCE
ROBBERY,SIDEWALK
BATTERY,HOTEL/MOTEL
BATTERY,RESIDENCE
ASSAULT,GOVERNMENT BUILDING/PROPERTY
ASSAULT,APARTMENT
ROBBERY,SIDEWALK
CRIMINAL DAMAGE,STREET
THEFT,COLLEGE/UNIVERSITY GROUNDS
MOTOR VEHICLE THEFT,STREET
THEFT,RESIDENCE
BATTERY,APARTMENT
ARSON,PARKING LOT/GARAGE(NON.RESID.)
NARCOTICS,STREET
CRIMINAL TRESPASS,RESTAURANT
THEFT,TAXICAB
MOTOR VEHICLE THEFT,STREET
CRIMINAL DAMAGE,DRIVEWAY - RESIDENTIAL
BATTERY,RESIDENCE
MOTOR VEHICLE THEFT,STREET
NARCOTICS,RESIDENCE
BURGLARY,RESIDENCE
BURGLARY,APARTMENT
BATTERY,APARTMENT
ASSAULT,APARTMENT
ROBBERY,STREET
BATTERY,CHA APARTMENT
ASSAULT,APARTMENT
THEFT,APARTMENT
CRIMINAL DAMAGE,STREET
THEFT,APARTMENT
THEFT,HOTEL/MOTEL
BURGLARY,APARTMENT
NARCOTICS,SIDEWALK
THEFT,GROCERY FOOD STORE
THEFT,CTA BUS
BATTERY,RESIDENCE
WEAPONS VIOLATION,STREET
THEFT,SIDEWALK
BATTERY,APARTMENT
CRIMINAL DAMAGE,PARKING LOT/GARAGE(NON.RESID.)
ROBBERY,CONVENIENCE STORE
BURGLARY,PARKING LOT/GARAGE(NON.RESID.)
BATTERY,SIDEWALK
NARCOTICS,STREET
BATTERY,SIDEWALK
BATTERY,RESIDENCE
WEAPONS VIOLATION,SIDEWALK
CRIMINAL DAMAGE,STREET
BURGLARY,WAREHOUSE
CRIMINAL DAMAGE,ALLEY
THEFT,APARTMENT
BATTERY,RESIDENCE
CRIMINAL DAMAGE,STREET
ASSAULT,STREET
BURGLARY,RESIDENCE
BATTERY,RESIDENCE
ASSAULT,APARTMENT
MOTOR VEHICLE THEFT,STREET
BATTERY,PARKING LOT/GARAGE(NON.RESID.)
NARCOTICS,SIDEWALK
NARCOTICS,CONVENIENCE STORE
THEFT,STREET
NARCOTICS,SIDEWALK
ROBBERY,APARTMENT
THEFT,CTA TRAIN
OTHER OFFENSE,STREET
THEFT,STREET
BATTERY,APARTMENT
ROBBERY,SIDEWALK
CRIMINAL DAMAGE,RESIDENCE
THEFT,GAS STATION
THEFT,RESIDENCE PORCH/HALLWAY
CRIMINAL DAMAGE,STREET
ASSAULT,STREET
BATTERY,BAR OR TAVERN
CRIMINAL TRESPASS,GAS STATION
NARCOTICS,SIDEWALK
THEFT,CTA TRAIN
ROBBERY,ALLEY
OTHER OFFENSE,STREET
BATTERY,CHA APARTMENT
DECEPTIVE PRACTICE,APARTMENT
OTHER OFFENSE,SIDEWALK
HOMICIDE,HALLWAY
BURGLARY,APARTMENT
THEFT,DEPARTMENT STORE
OFFENSE INVOLVING CHILDREN,APARTMENT
MOTOR VEHICLE THEFT,STREET
NARCOTICS,SIDEWALK
ASSAULT,APARTMENT
BATTERY,RESIDENCE
THEFT,STREET
CRIMINAL DAMAGE,APARTMENT
BATTERY,STREET
OTHER OFFENSE,RESIDENCE
THEFT,APARTMENT
NARCOTICS,SIDEWALK
THEFT,VEHICLE NON-COMMERCIAL
BURGLARY,RESIDENCE
BATTERY,APARTMENT
BATTERY,DRUG STORE
NARCOTICS,PARKING LOT/GARAGE(NON.RESID.)
OTHER OFFENSE,RESIDENCE
PUBLIC PEACE VIOLATION,STREET
THEFT,RESTAURANT
THEFT,GAS STATION
BURGLARY,APARTMENT
THEFT,RESIDENCE
ASSAULT,NURSING HOME/RETIREMENT HOME
ASSAULT,GROCERY FOOD STORE
NARCOTICS,PARKING LOT/GARAGE(NON.RESID.)
NARCOTICS,BAR OR TAVERN
CRIMINAL DAMAGE,RESIDENCE
BATTERY,RESIDENCE
MOTOR VEHICLE THEFT,STREET
DECEPTIVE PRACTICE,RESIDENCE
MOTOR VEHICLE THEFT,APARTMENT
BATTERY,APARTMENT
NARCOTICS,SIDEWALK
CRIMINAL DAMAGE,RESIDENTIAL YARD (FRONT/BACK)
BATTERY,SIDEWALK
ROBBERY,SIDEWALK
DECEPTIVE PRACTICE,STREET
ASSAULT,RESTAURANT
ROBBERY,OTHER COMMERCIAL TRANSPORTATION
CRIMINAL DAMAGE,PARKING LOT/GARAGE(NON.RESID.)
OTHER OFFENSE,STREET
CRIMINAL TRESPASS,SMALL RETAIL STORE
BATTERY,STREET
ASSAULT,STREET
BATTERY,DRUG STORE
NARCOTICS,SIDEWALK
CRIMINAL DAMAGE,STREET
ASSAULT,STREET
BATTERY,SIDEWALK
CRIMINAL DAMAGE,COMMERCIAL / BUSINESS OFFICE
THEFT,TAXICAB
NARCOTICS,SIDEWALK
CRIMINAL DAMAGE,WAREHOUSE
OTHER OFFENSE,RESIDENCE
NARCOTICS,SIDEWALK
BATTERY,APARTMENT
THEFT,VEHICLE NON-COMMERCIAL
OTHER OFFENSE,RESIDENTIAL YARD (FRONT/BACK)
PROSTITUTION,STREET
THEFT,STREET
BATTERY,APARTMENT
THEFT,BOWLING ALLEY
WEAPONS VIOLATION,RESIDENCE PORCH/HALLWAY
ASSAULT,STREET
NARCOTICS,STREET
BATTERY,APARTMENT
BATTERY,RESIDENCE
CRIMINAL DAMAGE,RESIDENCE-GARAGE
ROBBERY,CTA BUS
BATTERY,CAR WASH
BATTERY,APARTMENT
THEFT,STREET
BATTERY,RESIDENCE PORCH/HALLWAY
CRIMINAL TRESPASS,RESIDENCE
CRIMINAL DAMAGE,PARKING LOT/GARAGE(NON.RESID.)
BATTERY,STREET
BATTERY,RESIDENCE
DECEPTIVE PRACTICE,RESIDENCE
THEFT,ALLEY
THEFT,RESIDENCE
THEFT,RESIDENCE PORCH/HALLWAY
BURGLARY,SMALL RETAIL STORE
MOTOR VEHICLE THEFT,STREET
NARCOTICS,ALLEY
MOTOR VEHICLE THEFT,STREET
THEFT,RESIDENCE
ROBBERY,SIDEWALK
CRIMINAL DAMAGE,STREET
NARCOTICS,SIDEWALK
BATTERY,STREET
ASSAULT,APARTMENT
DECEPTIVE PRACTICE,CTA PLATFORM
BATTERY,APARTMENT
NARCOTICS,STREET
BURGLARY,RESIDENCE
BATTERY,APARTMENT
THEFT,APARTMENT
THEFT,STREET
BATTERY,STREET
NARCOTICS,HOSPITAL BUILDING/GROUNDS
NARCOTICS,VEHICLE NON-COMMERCIAL
BATTERY,APARTMENT
BATTERY,SIDEWALK
THEFT,RESIDENCE
NARCOTICS,VEHICLE NON-COMMERCIAL
MOTOR VEHICLE THEFT,STREET
OTHER OFFENSE,STREET
ROBBERY,CTA TRAIN
BATTERY,APARTMENT
BATTERY,SIDEWALK
BATTERY,RESIDENCE
BATTERY,APARTMENT
THEFT,RESIDENTIAL YARD (FRONT/BACK)
MOTOR VEHICLE THEFT,SIDEWALK
BATTERY,ALLEY
PUBLIC PEACE VIOLATION,CTA TRAIN
THEFT,VACANT LOT/LAND
NARCOTICS,ALLEY
ROBBERY,RESIDENCE
BATTERY,LIBRARY
ASSAULT,SIDEWALK
NARCOTICS,CTA PLATFORM
THEFT,APARTMENT
DECEPTIVE PRACTICE,RESIDENCE
BATTERY,APARTMENT
CRIMINAL DAMAGE,RESIDENCE
BATTERY,SIDEWALK
OTHER OFFENSE,RESIDENCE
CRIMINAL DAMAGE,RESIDENCE
BURGLARY,RESIDENCE-GARAGE
CRIMINAL DAMAGE,STREET
THEFT,STREET
ROBBERY,ALLEY
NON-CRIMINAL,RESIDENCE
NARCOTICS,SIDEWALK
ROBBERY,STREET
THEFT,RESIDENCE
OFFENSE INVOLVING CHILDREN,APARTMENT
OTHER OFFENSE,APARTMENT
CRIMINAL DAMAGE,STREET
THEFT,APARTMENT
THEFT,RESTAURANT
ASSAULT,RESIDENCE
MOTOR VEHICLE THEFT,STREET
THEFT,STREET
BURGLARY,RESIDENCE
THEFT,BANK
BURGLARY,RESIDENCE-GARAGE
INTERFERENCE WITH PUBLIC OFFICER,SIDEWALK
CRIMINAL DAMAGE,APARTMENT
BATTERY,PARKING LOT/GARAGE(NON.RESID.)
THEFT,SMALL RETAIL STORE
DECEPTIVE PRACTICE,SMALL RETAIL STORE
THEFT,RESIDENCE
NARCOTICS,STREET
ROBBERY,STREET
NARCOTICS,STREET
THEFT,SIDEWALK
THEFT,APARTMENT
NARCOTICS,SIDEWALK
THEFT,RESIDENCE
THEFT,RESIDENCE
OTHER OFFENSE,RESIDENTIAL YARD (FRONT/BACK)
MOTOR VEHICLE THEFT,STREET
THEFT,APARTMENT
OFFENSE INVOLVING CHILDREN,STREET
DECEPTIVE PRACTICE,STREET
BURGLARY,APARTMENT
THEFT,VEHICLE NON-COMMERCIAL
THEFT,STREET
ROBBERY,SIDEWALK
THEFT,STREET
BATTERY,RESIDENCE
BATTERY,APARTMENT
CRIMINAL TRESPASS,DEPARTMENT STORE
WEAPONS VIOLATION,RESIDENCE
DECEPTIVE PRACTICE,APARTMENT
CRIMINAL DAMAGE,VEHICLE NON-COMMERCIAL
ARSON,RESIDENCE-GARAGE
BATTERY,APARTMENT
OTHER OFFENSE,RESIDENCE
OTHER OFFENSE,RESIDENCE
MOTOR VEHICLE THEFT,STREET
ROBBERY,STREET
ROBBERY,SIDEWALK
NARCOTICS,ALLEY
CRIMINAL TRESPASS,GAS STATION
OTHER OFFENSE,COMMERCIAL / BUSINESS OFFICE
NARCOTICS,SIDEWALK
BATTERY,APARTMENT
BURGLARY,APARTMENT
THEFT,PARKING LOT/GARAGE(NON.RESID.)
NARCOTICS,SIDEWALK
BATTERY,APARTMENT
CRIMINAL DAMAGE,APARTMENT
THEFT,RESIDENCE
CRIMINAL TRESPASS,PARKING LOT/GARAGE(NON.RESID.)
THEFT,STREET
CRIMINAL TRESPASS,RESIDENCE PORCH/HALLWAY
OTHER OFFENSE,APARTMENT
THEFT,CTA BUS STOP
THEFT,CHURCH/SYNAGOGUE/PLACE OF WORSHIP
THEFT,STREET
ROBBERY,STREET
THEFT,RESTAURANT
OTHER OFFENSE,RESTAURANT
THEFT,SMALL RETAIL STORE
THEFT,DEPARTMENT STORE
BATTERY,HOTEL/MOTEL
NARCOTICS,APARTMENT
NARCOTICS,SIDEWALK
NARCOTICS,APARTMENT
THEFT,POLICE FACILITY/VEH PARKING LOT
NARCOTICS,STREET
BATTERY,CTA BUS
OTHER OFFENSE,RESIDENCE
ROBBERY,RESIDENCE
NARCOTICS,STREET
BATTERY,APARTMENT
BATTERY,RESIDENCE
THEFT,STREET
BATTERY,APARTMENT
ASSAULT,STREET
NARCOTICS,STREET
THEFT,GROCERY FOOD STORE
MOTOR VEHICLE THEFT,STREET
BATTERY,RESIDENCE PORCH/HALLWAY
BATTERY,CURRENCY EXCHANGE
BURGLARY,RESIDENCE
THEFT,GROCERY FOOD STORE
CRIMINAL TRESPASS,RESTAURANT
BATTERY,RESIDENCE PORCH/HALLWAY
BATTERY,RESIDENCE PORCH/HALLWAY
CRIMINAL DAMAGE,RESTAURANT
WEAPONS VIOLATION,APARTMENT
ROBBERY,STREET
OTHER OFFENSE,APARTMENT
THEFT,RESIDENCE
NARCOTICS,ABANDONED BUILDING
ROBBERY,SIDEWALK
CRIMINAL DAMAGE,STREET
THEFT,APARTMENT
BATTERY,APARTMENT
BATTERY,SIDEWALK
DECEPTIVE PRACTICE,DRUG STORE
BATTERY,RESIDENCE
THEFT,STREET
NARCOTICS,VEHICLE NON-COMMERCIAL
BURGLARY,RESIDENCE
ROBBERY,RESIDENCE PORCH/HALLWAY
THEFT,RESIDENCE
DECEPTIVE PRACTICE,APARTMENT
BATTERY,PARKING LOT/GARAGE(NON.RESID.)
THEFT,HOTEL/MOTEL
NARCOTICS,CTA GARAGE / OTHER PROPERTY
THEFT,APARTMENT
THEFT,RESIDENCE
BATTERY,APARTMENT
THEFT,RESIDENTIAL YARD (FRONT/BACK)
OTHER OFFENSE,RESIDENCE
BURGLARY,RESIDENCE
THEFT,CTA TRAIN
DECEPTIVE PRACTICE,RESIDENCE
BATTERY,APARTMENT
CRIMINAL DAMAGE,VEHICLE NON-COMMERCIAL
ASSAULT,STREET
BURGLARY,RESIDENCE
ROBBERY,SMALL RETAIL STORE
NARCOTICS,SIDEWALK
BURGLARY,SMALL RETAIL STORE
OFFENSE INVOLVING CHILDREN,RESIDENCE
BATTERY,STREET
OTHER OFFENSE,GAS STATION
CRIMINAL DAMAGE,STREET
ASSAULT,RESTAURANT
ASSAULT,APARTMENT
CRIMINAL DAMAGE,STREET
CRIMINAL DAMAGE,APARTMENT
THEFT,RESIDENTIAL YARD (FRONT/BACK)
THEFT,STREET
OTHER OFFENSE,GAS STATION
ROBBERY,ALLEY
ASSAULT,SIDEWALK
BATTERY,RESIDENCE
BATTERY,APARTMENT
ASSAULT,RESIDENCE
BURGLARY,RESIDENCE
OTHER OFFENSE,APARTMENT
THEFT,DEPARTMENT STORE
BURGLARY,RESIDENCE
THEFT,DEPARTMENT STORE
MOTOR VEHICLE THEFT,STREET
THEFT,PARKING LOT/GARAGE(NON.RESID.)
MOTOR VEHICLE THEFT,GAS STATION
OFFENSE INVOLVING CHILDREN,RESIDENCE
THEFT,CTA TRAIN
OTHER OFFENSE,RESIDENCE PORCH/HALLWAY
THEFT,STREET
OTHER OFFENSE,STREET
BATTERY,RESIDENCE
BATTERY,APARTMENT
BURGLARY,APARTMENT
CRIMINAL TRESPASS,SIDEWALK
CRIMINAL DAMAGE,RESIDENTIAL YARD (FRONT/BACK)
THEFT,SMALL RETAIL STORE
OTHER OFFENSE,APARTMENT
BATTERY,STREET
CRIMINAL DAMAGE,RESIDENCE
NARCOTICS,RESIDENCE PORCH/HALLWAY
THEFT,CONSTRUCTION SITE
DECEPTIVE PRACTICE,RESIDENCE
BATTERY,RESIDENCE
CRIMINAL DAMAGE,RESIDENTIAL YARD (FRONT/BACK)
BURGLARY,APARTMENT
THEFT,RESIDENCE
THEFT,SMALL RETAIL STORE
NARCOTICS,SIDEWALK
MOTOR VEHICLE THEFT,STREET
BATTERY,RESIDENCE
NARCOTICS,ALLEY
BURGLARY,SMALL RETAIL STORE
MOTOR VEHICLE THEFT,STREET
CRIMINAL DAMAGE,RESIDENCE-GARAGE
THEFT,STREET
WEAPONS VIOLATION,STREET
NARCOTICS,POLICE FACILITY/VEH PARKING LOT
OTHER OFFENSE,RESIDENCE
THEFT,SMALL RETAIL STORE
BURGLARY,RESIDENCE
ASSAULT,RESIDENCE
THEFT,STREET
BATTERY,SIDEWALK
BATTERY,APARTMENT
THEFT,RESIDENCE
ASSAULT,SMALL RETAIL STORE
BATTERY,APARTMENT
CRIMINAL DAMAGE,APARTMENT
THEFT,STREET
THEFT,RESIDENCE
NARCOTICS,VEHICLE NON-COMMERCIAL
NARCOTICS,STREET
BURGLARY,APARTMENT
THEFT,BAR OR TAVERN
BATTERY,GROCERY FOOD STORE
OTHER OFFENSE,RESIDENCE
MOTOR VEHICLE THEFT,STREET
BURGLARY,RESIDENCE-GARAGE
ASSAULT,RESIDENCE
NARCOTICS,SIDEWALK
OTHER OFFENSE,RESIDENCE
BATTERY,RESIDENCE
BATTERY,SIDEWALK
CRIM SEXUAL ASSAULT,RESIDENCE
NARCOTICS,POLICE FACILITY/VEH PARKING LOT
OFFENSE INVOLVING CHILDREN,APARTMENT
THEFT,LIBRARY
NARCOTICS,RESIDENCE PORCH/HALLWAY
ASSAULT,ALLEY
ROBBERY,STREET
BURGLARY,RESIDENCE-GARAGE
BATTERY,RESIDENCE
BURGLARY,VACANT LOT/LAND
ROBBERY,CTA BUS STOP
THEFT,RESIDENCE
BATTERY,APARTMENT
THEFT,ALLEY
THEFT,RESIDENCE
BATTERY,RESIDENCE
ASSAULT,APARTMENT
BATTERY,HOSPITAL BUILDING/GROUNDS
ASSAULT,APARTMENT
THEFT,DEPARTMENT STORE
THEFT,SMALL RETAIL STORE
CRIMINAL DAMAGE,RESIDENCE
THEFT,RESIDENTIAL YARD (FRONT/BACK)
CRIMINAL DAMAGE,STREET
BATTERY,RESIDENCE
MOTOR VEHICLE THEFT,STREET
MOTOR VEHICLE THEFT,STREET
BURGLARY,APARTMENT
THEFT,VEHICLE NON-COMMERCIAL
OTHER OFFENSE,APARTMENT
BATTERY,RESIDENCE
CRIMINAL DAMAGE,RESIDENCE
THEFT,STREET
MOTOR VEHICLE THEFT,PARKING LOT/GARAGE(NON.RESID.)
BATTERY,APARTMENT
THEFT,SMALL RETAIL STORE
MOTOR VEHICLE THEFT,STREET
THEFT,STREET
BURGLARY,RESIDENCE
CRIMINAL TRESPASS,COLLEGE/UNIVERSITY GROUNDS
NARCOTICS,STREET
NARCOTICS,STREET
CRIMINAL DAMAGE,HOTEL/MOTEL
WEAPONS VIOLATION,SIDEWALK
THEFT,DEPARTMENT STORE
CRIMINAL DAMAGE,PARKING LOT/GARAGE(NON.RESID.)
BATTERY,STREET
CRIMINAL TRESPASS,STREET
THEFT,RESIDENCE
THEFT,ALLEY
THEFT,SMALL RETAIL STORE
NARCOTICS,SIDEWALK
ROBBERY,SIDEWALK
THEFT,CTA BUS
THEFT,STREET
DECEPTIVE PRACTICE,SIDEWALK
DECEPTIVE PRACTICE,CTA TRAIN
NARCOTICS,SIDEWALK
THEFT,SMALL RETAIL STORE
BURGLARY,RESIDENCE
BURGLARY,COMMERCIAL / BUSINESS OFFICE
ASSAULT,STREET
BATTERY,STREET
BATTERY,APARTMENT
BATTERY,RESIDENTIAL YARD (FRONT/BACK)
ROBBERY,APARTMENT
CRIMINAL DAMAGE,APARTMENT
BATTERY,STREET
CRIMINAL TRESPASS,CONVENIENCE STORE
BATTERY,VEHICLE NON-COMMERCIAL
THEFT,CONSTRUCTION SITE
OTHER OFFENSE,STREET
THEFT,DEPARTMENT STORE
THEFT,CTA BUS STOP
ROBBERY,RESIDENCE PORCH/HALLWAY
CRIMINAL DAMAGE,APARTMENT
BATTERY,APARTMENT
OTHER OFFENSE,APARTMENT
CRIMINAL DAMAGE,RESTAURANT
BURGLARY,RESIDENCE
THEFT,PARKING LOT/GARAGE(NON.RESID.)
BATTERY,APARTMENT
CRIMINAL TRESPASS,POLICE FACILITY/VEH PARKING LOT
NARCOTICS,STREET
ROBBERY,RESTAURANT
ASSAULT,RESIDENCE PORCH/HALLWAY
THEFT,DEPARTMENT STORE
THEFT,BAR OR TAVERN
ROBBERY,STREET
OTHER OFFENSE,DEPARTMENT STORE
THEFT,CTA TRAIN
BURGLARY,APARTMENT
PUBLIC PEACE VIOLATION,STREET
BATTERY,APARTMENT
THEFT,STREET
BURGLARY,CONVENIENCE STORE
NARCOTICS,GROCERY FOOD STORE
THEFT,RESIDENCE
NARCOTICS,SIDEWALK
DECEPTIVE PRACTICE,BAR OR TAVERN
THEFT,WAREHOUSE
BURGLARY,RESIDENCE
ASSAULT,APARTMENT
THEFT,CTA TRAIN
THEFT,RESIDENCE
BATTERY,APARTMENT
BATTERY,APARTMENT
OTHER OFFENSE,RESIDENCE
BATTERY,APARTMENT
BATTERY,RESIDENCE
BURGLARY,RESIDENCE
THEFT,STREET
BURGLARY,APARTMENT
MOTOR VEHICLE THEFT,STREET
CRIMINAL DAMAGE,DRIVEWAY - RESIDENTIAL
CRIMINAL DAMAGE,STREET
ROBBERY,SIDEWALK
OTHER OFFENSE,APARTMENT
NARCOTICS,SIDEWALK
BURGLARY,RESIDENCE-GARAGE
NARCOTICS,APARTMENT
BURGLARY,APARTMENT
THEFT,APARTMENT
THEFT,SMALL RETAIL STORE
DECEPTIVE PRACTICE,SMALL RETAIL STORE
NARCOTICS,SIDEWALK
BATTERY,HOSPITAL BUILDING/GROUNDS
BATTERY,APARTMENT
ROBBERY,STREET
ROBBERY,PARKING LOT/GARAGE(NON.RESID.)
NARCOTICS,SIDEWALK
THEFT,RESIDENTIAL YARD (FRONT/BACK)
OTHER OFFENSE,APARTMENT
OTHER OFFENSE,RESIDENCE
BATTERY,VEHICLE-COMMERCIAL
THEFT,GROCERY FOOD STORE
THEFT,APARTMENT
BATTERY,APARTMENT
THEFT,RESIDENCE
DECEPTIVE PRACTICE,SMALL RETAIL STORE
MOTOR VEHICLE THEFT,STREET
BURGLARY,RESIDENCE
BATTERY,CTA BUS
BATTERY,SIDEWALK
WEAPONS VIOLATION,SIDEWALK
THEFT,DRUG STORE
DECEPTIVE PRACTICE,RESIDENCE
ASSAULT,APARTMENT
BATTERY,STREET
CRIMINAL TRESPASS,RESIDENCE-GARAGE
ROBBERY,SIDEWALK
MOTOR VEHICLE THEFT,STREET
OTHER OFFENSE,RESIDENCE
NARCOTICS,STREET
OFFENSE INVOLVING CHILDREN,RESIDENCE
OTHER OFFENSE,APARTMENT
THEFT,RESTAURANT
BATTERY,RESIDENCE
CRIMINAL DAMAGE,APARTMENT
NARCOTICS,PARKING LOT/GARAGE(NON.RESID.)
BATTERY,SIDEWALK
CRIMINAL DAMAGE,STREET
BURGLARY,RESIDENCE
BATTERY,APARTMENT
BATTERY,APARTMENT
CRIMINAL DAMAGE,STREET
DECEPTIVE PRACTICE,STREET
DECEPTIVE PRACTICE,COMMERCIAL / BUSINESS OFFICE
DECEPTIVE PRACTICE,BAR OR TAVERN
CRIMINAL DAMAGE,STREET
ASSAULT,RESTAURANT
DECEPTIVE PRACTICE,APARTMENT
THEFT,RESTAURANT
BATTERY,APARTMENT
BATTERY,RESIDENCE
OTHER OFFENSE,STREET
ASSAULT,APARTMENT
ASSAULT,SIDEWALK
THEFT,APARTMENT
THEFT,SPORTS ARENA/STADIUM
NARCOTICS,SIDEWALK
OFFENSE INVOLVING CHILDREN,APARTMENT
BATTERY,APARTMENT
CRIMINAL DAMAGE,STREET
THEFT,STREET
THEFT,PARK PROPERTY
OTHER OFFENSE,APARTMENT
CRIMINAL DAMAGE,VEHICLE NON-COMMERCIAL
OTHER OFFENSE,APARTMENT
THEFT,RESIDENCE PORCH/HALLWAY
ROBBERY,STREET
CRIMINAL DAMAGE,STREET
NARCOTICS,SIDEWALK
CRIMINAL DAMAGE,RESIDENCE
THEFT,STREET
CRIMINAL TRESPASS,SMALL RETAIL STORE
NARCOTICS,SIDEWALK
DECEPTIVE PRACTICE,GROCERY FOOD STORE
BURGLARY,APARTMENT
ROBBERY,SIDEWALK
BATTERY,APARTMENT
CRIMINAL DAMAGE,APARTMENT
BATTERY,APARTMENT
LIQUOR LAW VIOLATION,STREET
BATTERY,RESIDENCE
THEFT,STREET
BATTERY,STREET
DECEPTIVE PRACTICE,STREET
THEFT,STREET
ASSAULT,APARTMENT
BATTERY,RESIDENCE PORCH/HALLWAY
MOTOR VEHICLE THEFT,STREET
ASSAULT,RESIDENCE
CRIMINAL TRESPASS,APARTMENT
THEFT,GROCERY FOOD STORE
OTHER OFFENSE,APARTMENT
CRIMINAL DAMAGE,RESIDENCE
THEFT,STREET
ASSAULT,SMALL RETAIL STORE
BURGLARY,RESIDENCE
BURGLARY,RESTAURANT
CRIMINAL DAMAGE,STREET
BATTERY,STREET
BATTERY,GAS STATION
ROBBERY,STREET
BATTERY,RESIDENCE
BURGLARY,APARTMENT
THEFT,SIDEWALK
NARCOTICS,RESIDENCE
THEFT,ABANDONED BUILDING
THEFT,STREET
NARCOTICS,STREET
CRIMINAL DAMAGE,RESIDENCE
OFFENSE INVOLVING CHILDREN,RESIDENCE
BATTERY,CHA APARTMENT
CRIMINAL DAMAGE,RESTAURANT
BATTERY,SIDEWALK
THEFT,DEPARTMENT STORE
WEAPONS VIOLATION,APARTMENT
CRIMINAL TRESPASS,RESIDENCE PORCH/HALLWAY
BATTERY,STREET
CRIMINAL DAMAGE,RESIDENCE
BATTERY,RESIDENCE PORCH/HALLWAY
NARCOTICS,PARKING LOT/GARAGE(NON.RESID.)
CRIMINAL DAMAGE,STREET
ASSAULT,DEPARTMENT STORE
ASSAULT,STREET
THEFT,STREET
BATTERY,DRIVEWAY - RESIDENTIAL
CRIMINAL DAMAGE,PARKING LOT/GARAGE(NON.RESID.)
OTHER OFFENSE,RESIDENCE
ASSAULT,RESIDENCE
BATTERY,SIDEWALK
BURGLARY,RESIDENCE
DECEPTIVE PRACTICE,PARKING LOT/GARAGE(NON.RESID.)
CRIM SEXUAL ASSAULT,RESIDENCE
BATTERY,RESIDENCE
BURGLARY,APARTMENT
BATTERY,APARTMENT
NARCOTICS,RESIDENTIAL YARD (FRONT/BACK)
NARCOTICS,SIDEWALK
CRIMINAL DAMAGE,CONSTRUCTION SITE
THEFT,APARTMENT
BATTERY,APARTMENT
NARCOTICS,STREET
OTHER OFFENSE,APARTMENT
BURGLARY,RESIDENCE
NARCOTICS,SIDEWALK
CRIMINAL DAMAGE,APARTMENT
ASSAULT,APARTMENT
BURGLARY,RESIDENCE
PUBLIC PEACE VIOLATION,RESIDENTIAL YARD (FRONT/BACK)
BURGLARY,APARTMENT
MOTOR VEHICLE THEFT,STREET
BURGLARY,APARTMENT
THEFT,APARTMENT
ASSAULT,SIDEWALK
OTHER OFFENSE,SIDEWALK
ROBBERY,SMALL RETAIL STORE
THEFT,GOVERNMENT BUILDING/PROPERTY
NARCOTICS,RESIDENCE
BATTERY,RESIDENCE
NARCOTICS,STREET
THEFT,APARTMENT
MOTOR VEHICLE THEFT,STREET
ROBBERY,SIDEWALK
THEFT,GROCERY FOOD STORE
THEFT,STREET
INTERFERENCE WITH PUBLIC OFFICER,SIDEWALK
BURGLARY,APARTMENT
BATTERY,RESIDENCE
WEAPONS VIOLATION,STREET
MOTOR VEHICLE THEFT,STREET
THEFT,APARTMENT
NARCOTICS,STREET
BATTERY,STREET
BATTERY,APARTMENT
MOTOR VEHICLE THEFT,STREET
HOMICIDE,STREET
MOTOR VEHICLE THEFT,STREET
CRIMINAL TRESPASS,RESIDENCE
CRIMINAL TRESPASS,APARTMENT
OFFENSE INVOLVING CHILDREN,RESIDENCE
MOTOR VEHICLE THEFT,STREET
THEFT,CONSTRUCTION SITE
THEFT,APARTMENT
THEFT,GROCERY FOOD STORE
THEFT,HOTEL/MOTEL
THEFT,VEHICLE NON-COMMERCIAL
BATTERY,PARKING LOT/GARAGE(NON.RESID.)
DECEPTIVE PRACTICE,DEPARTMENT STORE
MOTOR VEHICLE THEFT,STREET
THEFT,RESIDENCE
BATTERY,STREET
CRIMINAL DAMAGE,APARTMENT
BATTERY,APARTMENT
ASSAULT,CHA APARTMENT
MOTOR VEHICLE THEFT,STREET
THEFT,RESTAURANT
BATTERY,RESIDENCE
ROBBERY,SIDEWALK
BATTERY,RESIDENCE
ROBBERY,SIDEWALK
THEFT,BAR OR TAVERN
THEFT,PARKING LOT/GARAGE(NON.RESID.)
BURGLARY,APARTMENT
OTHER OFFENSE,STREET
THEFT,RESTAURANT
NARCOTICS,SIDEWALK
THEFT,RESTAURANT
PUBLIC PEACE VIOLATION,CTA TRAIN
BATTERY,APARTMENT
ASSAULT,RESIDENCE
NARCOTICS,STREET
BATTERY,RESIDENCE PORCH/HALLWAY
THEFT,STREET
BATTERY,APARTMENT
THEFT,STREET
NARCOTICS,SIDEWALK
BATTERY,APARTMENT
INTERFERENCE WITH PUBLIC OFFICER,STREET
THEFT,RESIDENCE PORCH/HALLWAY
NARCOTICS,STREET
BATTERY,SIDEWALK
ROBBERY,OTHER COMMERCIAL TRANSPORTATION
ROBBERY,PARKING LOT/GARAGE(NON.RESID.)
ASSAULT,SIDEWALK
BATTERY,APARTMENT
BURGLARY,APARTMENT
ASSAULT,APARTMENT
CRIMINAL TRESPASS,RESIDENTIAL YARD (FRONT/BACK)
WEAPONS VIOLATION,RESIDENCE
PUBLIC PEACE VIOLATION,CHURCH/SYNAGOGUE/PLACE OF WORSHIP
NARCOTICS,SIDEWALK
THEFT,PARKING LOT/GARAGE(NON.RESID.)
BATTERY,RESIDENCE
BATTERY,STREET
BURGLARY,APARTMENT
THEFT,CTA TRAIN
THEFT,CTA TRAIN
INTERFERENCE WITH PUBLIC OFFICER,POLICE FACILITY/VEH PARKING LOT
BATTERY,RESIDENCE
DECEPTIVE PRACTICE,RESIDENCE
CRIMINAL DAMAGE,STREET
BATTERY,STREET
OTHER OFFENSE,SIDEWALK
THEFT,STREET
THEFT,STREET
THEFT,RESIDENCE
THEFT,APARTMENT
OTHER OFFENSE,APARTMENT
THEFT,STREET
THEFT,STREET
MOTOR VEHICLE THEFT,STREET
CRIMINAL TRESPASS,SMALL RETAIL STORE
ROBBERY,SIDEWALK
CRIMINAL DAMAGE,RESIDENCE
BURGLARY,APARTMENT
PROSTITUTION,STREET
CRIMINAL DAMAGE,PARK PROPERTY
THEFT,RESIDENTIAL YARD (FRONT/BACK)
OTHER OFFENSE,RESIDENCE
CRIMINAL DAMAGE,RESIDENCE
ROBBERY,SIDEWALK
PROSTITUTION,STREET
BURGLARY,APARTMENT
BATTERY,SIDEWALK
CRIMINAL DAMAGE,RESIDENCE-GARAGE
THEFT,DEPARTMENT STORE
BATTERY,RESIDENCE
BATTERY,GROCERY FOOD STORE
BATTERY,BAR OR TAVERN
BATTERY,STREET
THEFT,DEPARTMENT STORE
BURGLARY,APARTMENT
BURGLARY,APARTMENT
CRIMINAL TRESPASS,RESIDENCE
SEX OFFENSE,APARTMENT
OFFENSE INVOLVING CHILDREN,APARTMENT
THEFT,RESTAURANT
THEFT,SMALL RETAIL STORE
BATTERY,RESIDENCE
ROBBERY,PAWN SHOP
WEAPONS VIOLATION,STREET
BATTERY,SIDEWALK
THEFT,PARKING LOT/GARAGE(NON.RESID.)
NARCOTICS,STREET
CRIMINAL TRESPASS,APARTMENT
BURGLARY,RESIDENCE
ASSAULT,RESIDENCE
ROBBERY,SIDEWALK
BATTERY,APARTMENT
THEFT,STREET
BATTERY,BAR OR TAVERN
NARCOTICS,STREET
ASSAULT,RESTAURANT
THEFT,STREET
BATTERY,ATHLETIC CLUB
WEAPONS VIOLATION,SIDEWALK
OTHER OFFENSE,STREET
THEFT,STREET
ASSAULT,APARTMENT
THEFT,BANK
OTHER OFFENSE,GAS STATION
DECEPTIVE PRACTICE,CTA GARAGE / OTHER PROPERTY
BATTERY,RESIDENCE
CRIMINAL TRESPASS,DRUG STORE
THEFT,RESTAURANT
THEFT,RESIDENCE
DECEPTIVE PRACTICE,ATM (AUTOMATIC TELLER MACHINE)
OTHER OFFENSE,RESIDENCE
BATTERY,STREET
CRIMINAL TRESPASS,GAS STATION
THEFT,STREET
ASSAULT,SIDEWALK
MOTOR VEHICLE THEFT,RESIDENTIAL YARD (FRONT/BACK)
BATTERY,RESIDENCE
BURGLARY,APARTMENT
CRIMINAL DAMAGE,STREET
BATTERY,STREET
BURGLARY,RESIDENCE
CRIMINAL DAMAGE,APARTMENT
DECEPTIVE PRACTICE,CURRENCY EXCHANGE
BATTERY,APARTMENT
CRIMINAL DAMAGE,STREET
CRIMINAL DAMAGE,APARTMENT
BATTERY,RESIDENCE
MOTOR VEHICLE THEFT,PARKING LOT/GARAGE(NON.RESID.)
OTHER OFFENSE,STREET
CRIM SEXUAL ASSAULT,APARTMENT
THEFT,APARTMENT
BURGLARY,RESTAURANT
CRIMINAL TRESPASS,GROCERY FOOD STORE
CRIMINAL DAMAGE,RESIDENCE
BATTERY,SIDEWALK
OTHER OFFENSE,RESIDENCE
CRIMINAL DAMAGE,RESIDENCE PORCH/HALLWAY
BATTERY,RESIDENCE
OTHER OFFENSE,RESIDENCE
THEFT,SIDEWALK
BURGLARY,RESIDENCE-GARAGE
NARCOTICS,VEHICLE NON-COMMERCIAL
BATTERY,APARTMENT
THEFT,LIBRARY
MOTOR VEHICLE THEFT,STREET
DECEPTIVE PRACTICE,CTA PLATFORM
CRIMINAL TRESPASS,RESTAURANT
ROBBERY,SIDEWALK
CRIMINAL TRESPASS,GROCERY FOOD STORE
CRIMINAL DAMAGE,RESIDENCE
THEFT,HOTEL/MOTEL
DECEPTIVE PRACTICE,SMALL RETAIL STORE
DECEPTIVE PRACTICE,RESIDENCE
ASSAULT,APARTMENT
NARCOTICS,SIDEWALK
THEFT,FEDERAL BUILDING
BATTERY,VEHICLE NON-COMMERCIAL
BURGLARY,APARTMENT
BATTERY,RESIDENCE
BURGLARY,APARTMENT
NARCOTICS,CTA BUS STOP
BURGLARY,RESIDENCE-GARAGE
NARCOTICS,GAS STATION
BATTERY,GROCERY FOOD STORE
OTHER OFFENSE,RESIDENCE
OTHER OFFENSE,APARTMENT
BATTERY,SIDEWALK
THEFT,DEPARTMENT STORE
OTHER OFFENSE,APARTMENT
NARCOTICS,VEHICLE NON-COMMERCIAL
BATTERY,RESIDENCE
CRIM SEXUAL ASSAULT,RESIDENTIAL YARD (FRONT/BACK)
BATTERY,GAS STATION
BURGLARY,RESIDENCE PORCH/HALLWAY
ASSAULT,STREET
BATTERY,APARTMENT
OTHER OFFENSE,SMALL RETAIL STORE
CRIMINAL TRESPASS,APARTMENT
WEAPONS VIOLATION,RESIDENCE
NARCOTICS,SIDEWALK
THEFT,DEPARTMENT STORE
CRIMINAL DAMAGE,RESIDENCE
ROBBERY,SIDEWALK
BATTERY,RESIDENTIAL YARD (FRONT/BACK)
THEFT,RESIDENCE
THEFT,APARTMENT
WEAPONS VIOLATION,RESIDENCE
CRIMINAL TRESPASS,SMALL RETAIL STORE
BURGLARY,RESIDENCE
THEFT,DEPARTMENT STORE
THEFT,STREET
MOTOR VEHICLE THEFT,STREET
THEFT,STREET
ROBBERY,ALLEY
BATTERY,RESIDENCE
CRIMINAL DAMAGE,RESIDENCE
ROBBERY,SIDEWALK
CRIMINAL DAMAGE,APARTMENT
BURGLARY,APARTMENT
NARCOTICS,ALLEY
BURGLARY,RESIDENCE
OTHER OFFENSE,RESIDENCE
OTHER OFFENSE,RESIDENCE
MOTOR VEHICLE THEFT,STREET
MOTOR VEHICLE THEFT,STREET
MOTOR VEHICLE THEFT,STREET
THEFT,RESTAURANT
BATTERY,RESIDENCE
THEFT,APARTMENT
THEFT,PARKING LOT/GARAGE(NON.RESID.)
ROBBERY,SIDEWALK
BATTERY,APARTMENT
BATTERY,RESIDENCE
THEFT,RESTAURANT
PUBLIC PEACE VIOLATION,ABANDONED BUILDING
ROBBERY,SIDEWALK
BATTERY,APARTMENT
ROBBERY,SIDEWALK
NARCOTICS,VEHICLE NON-COMMERCIAL
CRIMINAL DAMAGE,RESIDENCE-GARAGE
CRIMINAL DAMAGE,APARTMENT
BURGLARY,RESIDENCE
THEFT,DEPARTMENT STORE
NARCOTICS,SIDEWALK
THEFT,RESIDENCE
BURGLARY,APARTMENT
NARCOTICS,APARTMENT
BATTERY,SIDEWALK
DECEPTIVE PRACTICE,CTA PLATFORM
BATTERY,RESTAURANT
ASSAULT,SIDEWALK
NARCOTICS,SIDEWALK
CRIM SEXUAL ASSAULT,APARTMENT
THEFT,APARTMENT
NARCOTICS,STREET
THEFT,PARKING LOT/GARAGE(NON.RESID.)
CRIMINAL DAMAGE,STREET
THEFT,DEPARTMENT STORE
BURGLARY,APARTMENT
CRIMINAL DAMAGE,STREET
CRIMINAL DAMAGE,DRIVEWAY - RESIDENTIAL
THEFT,DEPARTMENT STORE
MOTOR VEHICLE THEFT,STREET
CRIMINAL DAMAGE,RESIDENCE
THEFT,STREET
NARCOTICS,STREET
HOMICIDE,STREET
MOTOR VEHICLE THEFT,RESIDENCE
NARCOTICS,PARKING LOT/GARAGE(NON.RESID.)
ASSAULT,APARTMENT
BATTERY,STREET
CRIMINAL DAMAGE,STREET
CRIMINAL DAMAGE,STREET
DECEPTIVE PRACTICE,VACANT LOT/LAND
BATTERY,SIDEWALK
THEFT,CONVENIENCE STORE
OTHER OFFENSE,RESIDENCE-GARAGE
NARCOTICS,SIDEWALK
THEFT,RESIDENCE
ASSAULT,STREET
BURGLARY,RESIDENCE-GARAGE
MOTOR VEHICLE THEFT,STREET
THEFT,COMMERCIAL / BUSINESS OFFICE
NARCOTICS,ALLEY
BATTERY,APARTMENT
MOTOR VEHICLE THEFT,STREET
BATTERY,VEHICLE NON-COMMERCIAL
THEFT,PARK PROPERTY
ROBBERY,SIDEWALK
CRIMINAL DAMAGE,CEMETARY
THEFT,TAVERN/LIQUOR STORE
CRIMINAL DAMAGE,RESIDENCE
BURGLARY,RESIDENCE
THEFT,DEPARTMENT STORE
BATTERY,STREET
BATTERY,APARTMENT
PUBLIC PEACE VIOLATION,ALLEY
ASSAULT,STREET
NARCOTICS,SIDEWALK
MOTOR VEHICLE THEFT,STREET
NARCOTICS,SIDEWALK
THEFT,RESIDENTIAL YARD (FRONT/BACK)
DECEPTIVE PRACTICE,DEPARTMENT STORE
ROBBERY,STREET
DECEPTIVE PRACTICE,SMALL RETAIL STORE
BATTERY,APARTMENT
THEFT,VEHICLE NON-COMMERCIAL
THEFT,STREET
OTHER OFFENSE,RESTAURANT
ASSAULT,RESIDENCE
ROBBERY,STREET
NARCOTICS,GAS STATION
THEFT,STREET
THEFT,RESIDENCE
BATTERY,RESTAURANT
PUBLIC PEACE VIOLATION,APARTMENT
THEFT,ATHLETIC CLUB
CRIMINAL TRESPASS,GAS STATION
NARCOTICS,SIDEWALK
MOTOR VEHICLE THEFT,RESIDENCE
MOTOR VEHICLE THEFT,STREET
THEFT,VEHICLE NON-COMMERCIAL
CRIMINAL DAMAGE,APARTMENT
NARCOTICS,STREET
CRIMINAL DAMAGE,STREET
THEFT,PARKING LOT/GARAGE(NON.RESID.)
BURGLARY,RESIDENCE
MOTOR VEHICLE THEFT,STREET
BATTERY,APARTMENT
OFFENSE INVOLVING CHILDREN,APARTMENT
THEFT,STREET
BATTERY,APARTMENT
ASSAULT,VEHICLE NON-COMMERCIAL
ASSAULT,RESIDENCE
BATTERY,RESIDENCE
NARCOTICS,SIDEWALK
INTERFERENCE WITH PUBLIC OFFICER,SIDEWALK
BATTERY,RESIDENCE
ROBBERY,SIDEWALK
THEFT,STREET
BATTERY,SIDEWALK
THEFT,STREET
BATTERY,APARTMENT
BATTERY,RESIDENCE PORCH/HALLWAY
BATTERY,RESIDENCE
ROBBERY,SIDEWALK
ROBBERY,SIDEWALK
CRIMINAL DAMAGE,STREET
BATTERY,APARTMENT
BURGLARY,RESIDENCE-GARAGE
BATTERY,DRIVEWAY - RESIDENTIAL
THEFT,RESIDENCE PORCH/HALLWAY
WEAPONS VIOLATION,SIDEWALK
WEAPONS VIOLATION,ALLEY
NARCOTICS,STREET
ASSAULT,RESIDENCE
ROBBERY,STREET
BATTERY,STREET
THEFT,GROCERY FOOD STORE
THEFT,DEPARTMENT STORE
THEFT,RESIDENTIAL YARD (FRONT/BACK)
MOTOR VEHICLE THEFT,STREET
OTHER OFFENSE,RESIDENCE
OFFENSE INVOLVING CHILDREN,RESIDENCE
BURGLARY,VACANT LOT/LAND
BURGLARY,RESIDENCE-GARAGE
BATTERY,STREET
THEFT,RESIDENCE
OFFENSE INVOLVING CHILDREN,RESIDENCE
MOTOR VEHICLE THEFT,STREET
DECEPTIVE PRACTICE,BANK
OTHER OFFENSE,STREET
BATTERY,SIDEWALK
THEFT,APARTMENT
THEFT,RESIDENCE PORCH/HALLWAY
THEFT,DEPARTMENT STORE
THEFT,APARTMENT
INTERFERENCE WITH PUBLIC OFFICER,SIDEWALK
BATTERY,APARTMENT
MOTOR VEHICLE THEFT,STREET
BATTERY,STREET
OTHER OFFENSE,STREET
BATTERY,STREET
ROBBERY,STREET
CRIMINAL DAMAGE,RESIDENCE
NARCOTICS,SIDEWALK
BURGLARY,STREET
OTHER OFFENSE,RESIDENCE
DECEPTIVE PRACTICE,CTA PLATFORM
CRIMINAL DAMAGE,HOSPITAL BUILDING/GROUNDS
DECEPTIVE PRACTICE,ATM (AUTOMATIC TELLER MACHINE)
OTHER OFFENSE,RESIDENCE
BATTERY,RESIDENCE
INTIMIDATION,RESIDENCE
CRIMINAL TRESPASS,GAS STATION
BATTERY,APARTMENT
CRIMINAL DAMAGE,STREET
CRIMINAL TRESPASS,RESIDENTIAL YARD (FRONT/BACK)
BATTERY,RESIDENCE
NARCOTICS,SIDEWALK
THEFT,STREET
BATTERY,PARKING LOT/GARAGE(NON.RESID.)
THEFT,RESIDENCE
NARCOTICS,SIDEWALK
THEFT,STREET
BATTERY,RESIDENCE
ROBBERY,SMALL RETAIL STORE
BATTERY,APARTMENT
BATTERY,APARTMENT
ROBBERY,SIDEWALK
OTHER OFFENSE,RESIDENCE
CRIMINAL DAMAGE,STREET
THEFT,RESIDENCE
BATTERY,APARTMENT
ROBBERY,SIDEWALK
THEFT,STREET
THEFT,STREET
ROBBERY,STREET
CRIMINAL DAMAGE,STREET
OFFENSE INVOLVING CHILDREN,HOSPITAL BUILDING/GROUNDS
THEFT,STREET
ROBBERY,CTA BUS STOP
BATTERY,APARTMENT
THEFT,DEPARTMENT STORE
CRIMINAL DAMAGE,STREET
ASSAULT,RESIDENCE PORCH/HALLWAY
MOTOR VEHICLE THEFT,STREET
BATTERY,APARTMENT
BURGLARY,APARTMENT
CRIMINAL DAMAGE,SIDEWALK
BURGLARY,RESIDENCE
NARCOTICS,GOVERNMENT BUILDING/PROPERTY
OTHER OFFENSE,APARTMENT
CRIMINAL DAMAGE,RESIDENCE
THEFT,COMMERCIAL / BUSINESS OFFICE
CRIMINAL DAMAGE,STREET
THEFT,DEPARTMENT STORE
BURGLARY,RESIDENCE
DECEPTIVE PRACTICE,ATM (AUTOMATIC TELLER MACHINE)
ROBBERY,SIDEWALK
DECEPTIVE PRACTICE,APARTMENT
BURGLARY,RESIDENCE
CRIMINAL DAMAGE,STREET
OTHER OFFENSE,COMMERCIAL / BUSINESS OFFICE
MOTOR VEHICLE THEFT,STREET
THEFT,STREET
CRIMINAL DAMAGE,DRIVEWAY - RESIDENTIAL
BATTERY,APARTMENT
ASSAULT,RESIDENCE
DECEPTIVE PRACTICE,CTA PLATFORM
CRIMINAL DAMAGE,ABANDONED BUILDING
THEFT,APARTMENT
OTHER OFFENSE,PARKING LOT/GARAGE(NON.RESID.)
THEFT,VEHICLE NON-COMMERCIAL
BATTERY,TAVERN/LIQUOR STORE
PUBLIC PEACE VIOLATION,BANK
CRIMINAL DAMAGE,APARTMENT
OTHER OFFENSE,RESIDENCE
MOTOR VEHICLE THEFT,STREET
THEFT,SMALL RETAIL STORE
BATTERY,SIDEWALK
BATTERY,STREET
BATTERY,SIDEWALK
MOTOR VEHICLE THEFT,STREET
THEFT,RESIDENCE PORCH/HALLWAY
BATTERY,APARTMENT
BURGLARY,RESIDENCE
THEFT,VEHICLE NON-COMMERCIAL
THEFT,APARTMENT
BATTERY,SIDEWALK
MOTOR VEHICLE THEFT,STREET
NARCOTICS,CTA PLATFORM
THEFT,STREET
BATTERY,SIDEWALK
WEAPONS VIOLATION,RESIDENCE
BURGLARY,RESTAURANT
BATTERY,RESIDENTIAL YARD (FRONT/BACK)
CRIM SEXUAL ASSAULT,STREET
THEFT,RESTAURANT
THEFT,RESIDENCE
BURGLARY,RESIDENCE
ROBBERY,PARKING LOT/GARAGE(NON.RESID.)
BURGLARY,APARTMENT
NARCOTICS,ALLEY
MOTOR VEHICLE THEFT,PARKING LOT/GARAGE(NON.RESID.)
ROBBERY,STREET
ROBBERY,RESIDENCE PORCH/HALLWAY
SEX OFFENSE,SIDEWALK
THEFT,SMALL RETAIL STORE
CRIMINAL DAMAGE,STREET
CRIMINAL DAMAGE,ALLEY
OFFENSE INVOLVING CHILDREN,RESIDENCE
BURGLARY,ABANDONED BUILDING
BATTERY,STREET
ROBBERY,SIDEWALK
BURGLARY,APARTMENT
THEFT,STREET
THEFT,CTA TRAIN
THEFT,APARTMENT
DECEPTIVE PRACTICE,RESIDENCE
WEAPONS VIOLATION,STREET
CRIMINAL DAMAGE,RESIDENCE
CRIMINAL DAMAGE,STREET
BATTERY,RESIDENCE
ROBBERY,SIDEWALK
NARCOTICS,SIDEWALK
ROBBERY,ALLEY
THEFT,DEPARTMENT STORE
THEFT,SIDEWALK
THEFT,RESIDENCE
OFFENSE INVOLVING CHILDREN,APARTMENT
CRIMINAL DAMAGE,APARTMENT
BATTERY,SMALL RETAIL STORE
THEFT,STREET
MOTOR VEHICLE THEFT,STREET
THEFT,CONVENIENCE STORE
THEFT,APARTMENT
BATTERY,RESIDENCE
MOTOR VEHICLE THEFT,STREET
OTHER OFFENSE,APARTMENT
THEFT,STREET
NARCOTICS,SIDEWALK
HOMICIDE,YARD
CRIMINAL TRESPASS,TAVERN/LIQUOR STORE
THEFT,RESIDENCE PORCH/HALLWAY
BATTERY,APARTMENT
THEFT,RESIDENCE
THEFT,RESIDENCE
OTHER OFFENSE,RESIDENCE
BATTERY,RESIDENCE
NARCOTICS,SIDEWALK
THEFT,BAR OR TAVERN
CRIM SEXUAL ASSAULT,RESIDENCE
ROBBERY,RESIDENCE PORCH/HALLWAY
THEFT,GROCERY FOOD STORE
CRIMINAL DAMAGE,SIDEWALK
NARCOTICS,SIDEWALK
ROBBERY,STREET
BATTERY,STREET
BATTERY,GAS STATION
BATTERY,RESIDENCE
MOTOR VEHICLE THEFT,STREET
OTHER OFFENSE,RESIDENCE
CRIMINAL DAMAGE,STREET
BURGLARY,RESIDENCE-GARAGE
BATTERY,APARTMENT
BURGLARY,SMALL RETAIL STORE
THEFT,MEDICAL/DENTAL OFFICE
BATTERY,APARTMENT
DECEPTIVE PRACTICE,TAXICAB
THEFT,VEHICLE NON-COMMERCIAL
CRIMINAL DAMAGE,STREET
THEFT,RESIDENCE
THEFT,PARKING LOT/GARAGE(NON.RESID.)
NARCOTICS,STREET
CRIMINAL DAMAGE,RESTAURANT
THEFT,SIDEWALK
CRIMINAL DAMAGE,STREET
BATTERY,STREET
CRIMINAL TRESPASS,RESIDENCE
OTHER OFFENSE,RESIDENCE
ASSAULT,APARTMENT
BURGLARY,RESIDENCE
BURGLARY,RESIDENCE
CRIMINAL DAMAGE,RESIDENCE
BURGLARY,APARTMENT
THEFT,GROCERY FOOD STORE
BATTERY,STREET
DECEPTIVE PRACTICE,BANK
CRIMINAL TRESPASS,DEPARTMENT STORE
CRIM SEXUAL ASSAULT,RESIDENCE
THEFT,SMALL RETAIL STORE
BATTERY,STREET
OTHER OFFENSE,STREET
BATTERY,APARTMENT
ROBBERY,COLLEGE/UNIVERSITY GROUNDS
THEFT,APARTMENT
BATTERY,APARTMENT
MOTOR VEHICLE THEFT,STREET
BURGLARY,APARTMENT
MOTOR VEHICLE THEFT,STREET
CRIMINAL DAMAGE,STREET
PROSTITUTION,PARK PROPERTY
THEFT,SIDEWALK
BATTERY,SIDEWALK
MOTOR VEHICLE THEFT,STREET
NARCOTICS,SIDEWALK
BATTERY,APARTMENT
BATTERY,APARTMENT
THEFT,STREET
THEFT,SMALL RETAIL STORE
NARCOTICS,SIDEWALK
PROSTITUTION,STREET
STALKING,RESIDENCE
BATTERY,CHURCH/SYNAGOGUE/PLACE OF WORSHIP
NARCOTICS,OTHER RAILROAD PROP / TRAIN DEPOT
ASSAULT,DEPARTMENT STORE
THEFT,ALLEY
BURGLARY,RESIDENCE
THEFT,CTA TRAIN
BATTERY,APARTMENT
BATTERY,SIDEWALK
NARCOTICS,SIDEWALK
THEFT,VACANT LOT/LAND
CRIMINAL DAMAGE,STREET
BATTERY,RESIDENCE
NARCOTICS,PARKING LOT/GARAGE(NON.RESID.)
ROBBERY,SIDEWALK
THEFT,STREET
BURGLARY,RESIDENCE
BATTERY,SIDEWALK
NARCOTICS,STREET
THEFT,APARTMENT
ROBBERY,PARK PROPERTY
NARCOTICS,SIDEWALK
CRIMINAL DAMAGE,RESIDENCE
DECEPTIVE PRACTICE,PARKING LOT/GARAGE(NON.RESID.)
BATTERY,BANK
NARCOTICS,ALLEY
THEFT,DEPARTMENT STORE
THEFT,SMALL RETAIL STORE
OFFENSE INVOLVING CHILDREN,RESIDENCE
THEFT,SIDEWALK
NARCOTICS,RESIDENCE
NARCOTICS,STREET
ROBBERY,RESTAURANT
THEFT,DEPARTMENT STORE
CRIMINAL TRESPASS,TAVERN/LIQUOR STORE
MOTOR VEHICLE THEFT,VEHICLE NON-COMMERCIAL
BATTERY,BAR OR TAVERN
THEFT,RESIDENCE
NARCOTICS,PARKING LOT/GARAGE(NON.RESID.)
NARCOTICS,STREET
MOTOR VEHICLE THEFT,STREET
THEFT,PARKING LOT/GARAGE(NON.RESID.)
THEFT,SMALL RETAIL STORE
THEFT,DEPARTMENT STORE
THEFT,RESIDENCE
ROBBERY,BARBERSHOP
OTHER OFFENSE,APARTMENT
BURGLARY,APARTMENT
ASSAULT,RESIDENCE PORCH/HALLWAY
THEFT,VEHICLE NON-COMMERCIAL
DECEPTIVE PRACTICE,APARTMENT
CRIMINAL DAMAGE,STREET
ROBBERY,SIDEWALK
THEFT,PARKING LOT/GARAGE(NON.RESID.)
BURGLARY,RESIDENCE
ASSAULT,STREET
DECEPTIVE PRACTICE,CTA GARAGE / OTHER PROPERTY
CRIMINAL DAMAGE,PARKING LOT/GARAGE(NON.RESID.)
BURGLARY,STREET
ASSAULT,SIDEWALK
ROBBERY,STREET
ASSAULT,RESTAURANT
THEFT,DEPARTMENT STORE
CRIMINAL DAMAGE,RESIDENCE
ROBBERY,SIDEWALK
THEFT,GROCERY FOOD STORE
BATTERY,RESIDENCE
THEFT,STREET
BURGLARY,RESIDENCE PORCH/HALLWAY
ROBBERY,SIDEWALK
ROBBERY,SIDEWALK
DECEPTIVE PRACTICE,RESIDENCE
BATTERY,APARTMENT
BURGLARY,RESIDENCE
NARCOTICS,CTA TRAIN
CRIMINAL DAMAGE,STREET
CRIMINAL DAMAGE,RESIDENCE
THEFT,STREET
MOTOR VEHICLE THEFT,ALLEY
THEFT,RESIDENCE
OTHER OFFENSE,APARTMENT
ROBBERY,SIDEWALK
ASSAULT,RESIDENCE PORCH/HALLWAY
THEFT,SIDEWALK
THEFT,PARKING LOT/GARAGE(NON.RESID.)
ROBBERY,STREET
BATTERY,SIDEWALK
NARCOTICS,SIDEWALK
THEFT,STREET
MOTOR VEHICLE THEFT,STREET
CRIMINAL DAMAGE,RESIDENTIAL YARD (FRONT/BACK)
ROBBERY,STREET
ROBBERY,STREET
BATTERY,APARTMENT
BATTERY,GROCERY FOOD STORE
BATTERY,SIDEWALK
BURGLARY,RESIDENCE
CRIMINAL DAMAGE,STREET
THEFT,SMALL RETAIL STORE
NARCOTICS,PARKING LOT/GARAGE(NON.RESID.)
THEFT,SIDEWALK
NARCOTICS,SIDEWALK
CRIMINAL DAMAGE,RESIDENCE
OTHER OFFENSE,RESIDENCE
CRIMINAL TRESPASS,RESTAURANT
CRIMINAL DAMAGE,STREET
OTHER OFFENSE,APARTMENT
MOTOR VEHICLE THEFT,STREET
THEFT,STREET
DECEPTIVE PRACTICE,SMALL RETAIL STORE
BATTERY,RESIDENCE PORCH/HALLWAY
BATTERY,HOSPITAL BUILDING/GROUNDS
ROBBERY,SIDEWALK
BATTERY,APARTMENT
ROBBERY,RESIDENCE
DECEPTIVE PRACTICE,HOTEL/MOTEL
NARCOTICS,SIDEWALK
CRIMINAL DAMAGE,RESIDENCE
THEFT,SPORTS ARENA/STADIUM
WEAPONS VIOLATION,SIDEWALK
BATTERY,STREET
NARCOTICS,STREET
OTHER OFFENSE,SIDEWALK
MOTOR VEHICLE THEFT,STREET
CRIMINAL DAMAGE,STREET
THEFT,STREET
OTHER OFFENSE,VEHICLE NON-COMMERCIAL
CRIMINAL DAMAGE,APARTMENT
NARCOTICS,SIDEWALK
CRIMINAL DAMAGE,PARKING LOT/GARAGE(NON.RESID.)
BATTERY,RESIDENCE
INTERFERENCE WITH PUBLIC OFFICER,SIDEWALK
DECEPTIVE PRACTICE,SMALL RETAIL STORE
OFFENSE INVOLVING CHILDREN,SIDEWALK
DECEPTIVE PRACTICE,APARTMENT
OTHER OFFENSE,RESIDENCE
CRIMINAL DAMAGE,RESIDENTIAL YARD (FRONT/BACK)
CRIMINAL DAMAGE,PARKING LOT/GARAGE(NON.RESID.)
CRIMINAL DAMAGE,RESIDENCE PORCH/HALLWAY
BATTERY,RESIDENCE
BURGLARY,RESIDENCE
CRIMINAL DAMAGE,RESIDENCE
BURGLARY,ABANDONED BUILDING
THEFT,PARKING LOT/GARAGE(NON.RESID.)
CRIMINAL TRESPASS,GAS STATION
THEFT,STREET
BATTERY,STREET
BATTERY,SIDEWALK
OTHER OFFENSE,RESIDENCE
THEFT,RESIDENCE
BATTERY,SIDEWALK
ROBBERY,SIDEWALK
NARCOTICS,POLICE FACILITY/VEH PARKING LOT
THEFT,STREET
ASSAULT,RESIDENCE PORCH/HALLWAY
NARCOTICS,ALLEY
NARCOTICS,SIDEWALK
CRIMINAL DAMAGE,RESIDENCE
NARCOTICS,STREET
ASSAULT,APARTMENT
THEFT,ALLEY
MOTOR VEHICLE THEFT,STREET
BATTERY,SIDEWALK
THEFT,RESIDENCE
BATTERY,APARTMENT
THEFT,STREET
THEFT,DEPARTMENT STORE
DECEPTIVE PRACTICE,GAS STATION
ROBBERY,SIDEWALK
CRIMINAL DAMAGE,STREET
THEFT,DEPARTMENT STORE
OTHER OFFENSE,RESIDENCE
THEFT,BAR OR TAVERN
BATTERY,RESIDENCE
THEFT,RESIDENCE
BATTERY,APARTMENT
CRIMINAL DAMAGE,STREET
THEFT,RESIDENCE
ROBBERY,STREET
BATTERY,RESIDENTIAL YARD (FRONT/BACK)
BATTERY,APARTMENT
BATTERY,SIDEWALK
THEFT,PARKING LOT/GARAGE(NON.RESID.)
THEFT,STREET
OTHER OFFENSE,SIDEWALK
BATTERY,STREET
BATTERY,APARTMENT
THEFT,STREET
BATTERY,APARTMENT
OTHER OFFENSE,RESIDENCE
BURGLARY,APARTMENT
THEFT,RESIDENCE
BATTERY,APARTMENT
BATTERY,RESIDENCE
MOTOR VEHICLE THEFT,STREET
BATTERY,APARTMENT
ASSAULT,RESIDENCE PORCH/HALLWAY
ROBBERY,STREET
OTHER OFFENSE,VEHICLE NON-COMMERCIAL
BATTERY,RESTAURANT
NARCOTICS,ABANDONED BUILDING
DECEPTIVE PRACTICE,HOTEL/MOTEL
DECEPTIVE PRACTICE,SIDEWALK
NARCOTICS,VEHICLE NON-COMMERCIAL
CRIMINAL DAMAGE,RESIDENCE-GARAGE
THEFT,APARTMENT
NARCOTICS,SIDEWALK
BURGLARY,RESIDENCE
OTHER OFFENSE,RESIDENCE
NARCOTICS,ALLEY
DECEPTIVE PRACTICE,CTA TRAIN
CRIMINAL DAMAGE,STREET
CRIMINAL DAMAGE,RESTAURANT
DECEPTIVE PRACTICE,SMALL RETAIL STORE
BURGLARY,APARTMENT
CRIMINAL DAMAGE,RESTAURANT
THEFT,APARTMENT
THEFT,COMMERCIAL / BUSINESS OFFICE
BATTERY,SIDEWALK
CRIMINAL TRESPASS,SMALL RETAIL STORE
THEFT,STREET
NARCOTICS,PARKING LOT/GARAGE(NON.RESID.)
THEFT,RESIDENCE
MOTOR VEHICLE THEFT,STREET
THEFT,STREET
BURGLARY,RESIDENCE
THEFT,STREET
BATTERY,RESIDENCE
THEFT,RESIDENCE
ASSAULT,RESTAURANT
BATTERY,APARTMENT
OTHER OFFENSE,STREET
NARCOTICS,SIDEWALK
THEFT,GOVERNMENT BUILDING/PROPERTY
DECEPTIVE PRACTICE,SIDEWALK
BATTERY,APARTMENT
THEFT,PARKING LOT/GARAGE(NON.RESID.)
OTHER OFFENSE,RESIDENTIAL YARD (FRONT/BACK)
THEFT,VEHICLE NON-COMMERCIAL
MOTOR VEHICLE THEFT,VEHICLE NON-COMMERCIAL
BATTERY,CTA TRAIN
BATTERY,APARTMENT
BURGLARY,APARTMENT
CRIMINAL DAMAGE,STREET
CRIMINAL DAMAGE,CTA GARAGE / OTHER PROPERTY
THEFT,CTA BUS
BURGLARY,APARTMENT
THEFT,STREET
ROBBERY,STREET
BATTERY,RESIDENCE
MOTOR VEHICLE THEFT,STREET
ASSAULT,APARTMENT
THEFT,RESIDENCE
BURGLARY,COMMERCIAL / BUSINESS OFFICE
THEFT,RESIDENCE
ASSAULT,SIDEWALK
BURGLARY,RESIDENCE
BATTERY,APARTMENT
CRIMINAL TRESPASS,STREET
THEFT,STREET
BATTERY,APARTMENT
BURGLARY,APARTMENT
BATTERY,APARTMENT
MOTOR VEHICLE THEFT,STREET
THEFT,STREET
NARCOTICS,SIDEWALK
BURGLARY,RESIDENCE
OTHER OFFENSE,APARTMENT
BATTERY,CHA APARTMENT
DECEPTIVE PRACTICE,GROCERY FOOD STORE
CRIMINAL DAMAGE,STREET
BATTERY,RESIDENCE
BATTERY,SIDEWALK
NARCOTICS,VEHICLE NON-COMMERCIAL
MOTOR VEHICLE THEFT,RESIDENCE
MOTOR VEHICLE THEFT,PARKING LOT/GARAGE(NON.RESID.)
ASSAULT,RESTAURANT
CRIMINAL DAMAGE,RESIDENCE
ASSAULT,SIDEWALK
THEFT,RESIDENCE
OTHER OFFENSE,APARTMENT
BATTERY,STREET
MOTOR VEHICLE THEFT,STREET
MOTOR VEHICLE THEFT,STREET
MOTOR VEHICLE THEFT,STREET
ASSAULT,RESIDENCE
THEFT,PARKING LOT/GARAGE(NON.RESID.)
NARCOTICS,GAS STATION
THEFT,RESIDENCE-GARAGE
OTHER OFFENSE,RESIDENCE
ARSON,APARTMENT
THEFT,SMALL RETAIL STORE
THEFT,VEHICLE NON-COMMERCIAL
NARCOTICS,SIDEWALK
CRIMINAL DAMAGE,STREET
BURGLARY,RESIDENCE
OTHER OFFENSE,RESIDENCE
DECEPTIVE PRACTICE,RESIDENCE
BURGLARY,APARTMENT
BATTERY,RESIDENCE
ASSAULT,STREET
CRIMINAL DAMAGE,RESIDENCE
NARCOTICS,SIDEWALK
CRIM SEXUAL ASSAULT,APARTMENT
BATTERY,APARTMENT
BATTERY,APARTMENT
THEFT,STREET
DECEPTIVE PRACTICE,CTA PLATFORM
MOTOR VEHICLE THEFT,STREET
BATTERY,RESIDENCE
THEFT,STREET
CRIMINAL DAMAGE,ALLEY
BURGLARY,RESIDENCE-GARAGE
THEFT,TAVERN/LIQUOR STORE
BATTERY,SIDEWALK
NARCOTICS,PARKING LOT/GARAGE(NON.RESID.)
ASSAULT,APARTMENT
ASSAULT,APARTMENT
ASSAULT,PARK PROPERTY
CRIMINAL DAMAGE,GAS STATION
THEFT,STREET
THEFT,STREET
BATTERY,PARKING LOT/GARAGE(NON.RESID.)
BURGLARY,RESIDENCE
BATTERY,SMALL RETAIL STORE
THEFT,VACANT LOT/LAND
THEFT,LIBRARY
NARCOTICS,SIDEWALK
THEFT,VEHICLE NON-COMMERCIAL
NARCOTICS,SIDEWALK
DECEPTIVE PRACTICE,RESIDENCE
HOMICIDE,HALLWAY
BATTERY,SIDEWALK
THEFT,RESIDENCE
CRIM SEXUAL ASSAULT,HOTEL/MOTEL
BATTERY,RESIDENCE
THEFT,DEPARTMENT STORE
BURGLARY,RESIDENCE
NARCOTICS,PARKING LOT/GARAGE(NON.RESID.)
THEFT,CLEANING STORE
BURGLARY,APARTMENT
CRIMINAL TRESPASS,RESIDENCE-GARAGE
ASSAULT,APARTMENT
NARCOTICS,SIDEWALK
OTHER OFFENSE,COMMERCIAL / BUSINESS OFFICE
BURGLARY,APARTMENT
DECEPTIVE PRACTICE,APARTMENT
BURGLARY,RESIDENCE
THEFT,VEHICLE NON-COMMERCIAL
BATTERY,APARTMENT
BURGLARY,RESIDENCE
ROBBERY,SIDEWALK
THEFT,SPORTS ARENA/STADIUM
THEFT,GROCERY FOOD STORE
THEFT,TAXICAB
THEFT,STREET
OTHER OFFENSE,APARTMENT
OFFENSE INVOLVING CHILDREN,RESIDENCE
BATTERY,RESIDENCE
ASSAULT,STREET
BURGLARY,APARTMENT
NARCOTICS,SIDEWALK
BURGLARY,APARTMENT
BATTERY,RESIDENCE
BATTERY,STREET
OTHER OFFENSE,STREET
BATTERY,APARTMENT
MOTOR VEHICLE THEFT,RESIDENTIAL YARD (FRONT/BACK)
NARCOTICS,VEHICLE NON-COMMERCIAL
OTHER OFFENSE,RESIDENCE
THEFT,PARKING LOT/GARAGE(NON.RESID.)
BATTERY,SIDEWALK
NARCOTICS,SIDEWALK
THEFT,STREET
CRIMINAL DAMAGE,RESIDENCE
BATTERY,CHA APARTMENT
NARCOTICS,STREET
CRIMINAL DAMAGE,STREET
THEFT,STREET
THEFT,STREET
MOTOR VEHICLE THEFT,STREET
OTHER OFFENSE,APARTMENT
THEFT,APARTMENT
DECEPTIVE PRACTICE,MEDICAL/DENTAL OFFICE
NARCOTICS,STREET
BURGLARY,RESIDENCE
THEFT,STREET
WEAPONS VIOLATION,RESIDENCE
ASSAULT,APARTMENT
THEFT,STREET
MOTOR VEHICLE THEFT,STREET
CRIMINAL DAMAGE,RESIDENTIAL YARD (FRONT/BACK)
THEFT,VEHICLE NON-COMMERCIAL
NARCOTICS,SIDEWALK
ROBBERY,CTA BUS
THEFT,STREET
THEFT,RESTAURANT
BATTERY,STREET
MOTOR VEHICLE THEFT,STREET
THEFT,RESIDENCE
CRIMINAL DAMAGE,RESIDENCE
CRIMINAL DAMAGE,CTA TRAIN
NARCOTICS,SIDEWALK
THEFT,APARTMENT
BATTERY,RESTAURANT
MOTOR VEHICLE THEFT,STREET
BURGLARY,CHURCH/SYNAGOGUE/PLACE OF WORSHIP
CRIMINAL DAMAGE,RESIDENCE PORCH/HALLWAY
BURGLARY,APARTMENT
THEFT,STREET
NARCOTICS,SIDEWALK
ASSAULT,RESIDENCE
BURGLARY,APARTMENT
BATTERY,RESIDENCE
BATTERY,RESIDENCE
BURGLARY,RESIDENCE
DECEPTIVE PRACTICE,CTA PLATFORM
ROBBERY,STREET
CRIMINAL DAMAGE,GAS STATION
OFFENSE INVOLVING CHILDREN,RESIDENCE
THEFT,DEPARTMENT STORE
BATTERY,SIDEWALK
CRIMINAL DAMAGE,STREET
THEFT,DEPARTMENT STORE
OTHER OFFENSE,STREET
BATTERY,RESIDENCE
BATTERY,ALLEY
NARCOTICS,STREET
THEFT,STREET
SEX OFFENSE,VEHICLE NON-COMMERCIAL
THEFT,GROCERY FOOD STORE
THEFT,VEHICLE NON-COMMERCIAL
BATTERY,RESTAURANT
BATTERY,PARKING LOT/GARAGE(NON.RESID.)
MOTOR VEHICLE THEFT,VEHICLE NON-COMMERCIAL
NARCOTICS,SIDEWALK
NARCOTICS,SIDEWALK
NARCOTICS,ALLEY
ASSAULT,GAS STATION
OTHER OFFENSE,COMMERCIAL / BUSINESS OFFICE
OTHER OFFENSE,CTA GARAGE / OTHER PROPERTY
THEFT,RESIDENCE-GARAGE
THEFT,RESIDENCE PORCH/HALLWAY
THEFT,STREET
THEFT,DEPARTMENT STORE
THEFT,DEPARTMENT STORE
BURGLARY,VACANT LOT/LAND
BATTERY,APARTMENT
THEFT,VACANT LOT/LAND
BATTERY,RESIDENCE
THEFT,RESIDENCE
BATTERY,SIDEWALK
NARCOTICS,VEHICLE NON-COMMERCIAL
BURGLARY,RESIDENCE
THEFT,HOTEL/MOTEL
CRIMINAL DAMAGE,ALLEY
THEFT,GAS STATION
THEFT,GROCERY FOOD STORE
THEFT,STREET
CRIMINAL TRESPASS,CTA PLATFORM
THEFT,RESTAURANT
BATTERY,RESIDENCE
THEFT,STREET
THEFT,DEPARTMENT STORE
BURGLARY,APARTMENT
MOTOR VEHICLE THEFT,STREET
CRIMINAL DAMAGE,STREET
NARCOTICS,RESIDENCE
THEFT,GAS STATION
THEFT,DEPARTMENT STORE
OTHER OFFENSE,APARTMENT
BURGLARY,APPLIANCE STORE
NARCOTICS,VEHICLE NON-COMMERCIAL
MOTOR VEHICLE THEFT,STREET
THEFT,RESIDENCE
DECEPTIVE PRACTICE,BANK
THEFT,DEPARTMENT STORE
BATTERY,SIDEWALK
THEFT,STREET
PUBLIC PEACE VIOLATION,ALLEY
THEFT,DEPARTMENT STORE
THEFT,STREET
BURGLARY,RESIDENCE-GARAGE
THEFT,SIDEWALK
MOTOR VEHICLE THEFT,STREET
NARCOTICS,GOVERNMENT BUILDING/PROPERTY
NARCOTICS,SIDEWALK
CRIMINAL DAMAGE,RESIDENCE-GARAGE
THEFT,DEPARTMENT STORE
THEFT,RESIDENCE
CRIMINAL DAMAGE,ALLEY
THEFT,BAR OR TAVERN
THEFT,RESIDENCE PORCH/HALLWAY
BATTERY,RESIDENCE
OFFENSE INVOLVING CHILDREN,GOVERNMENT BUILDING/PROPERTY
BURGLARY,RESIDENCE
THEFT,STREET
BURGLARY,SMALL RETAIL STORE
WEAPONS VIOLATION,RESIDENCE
BATTERY,APARTMENT
BATTERY,SIDEWALK
OTHER OFFENSE,GAS STATION
BATTERY,VEHICLE NON-COMMERCIAL
THEFT,STREET
OTHER OFFENSE,GOVERNMENT BUILDING/PROPERTY
BURGLARY,APARTMENT
THEFT,STREET
BATTERY,APARTMENT
MOTOR VEHICLE THEFT,STREET
ASSAULT,CTA BUS
CRIMINAL DAMAGE,STREET
CRIMINAL DAMAGE,RESTAURANT
ROBBERY,SIDEWALK
OTHER OFFENSE,RESIDENCE
CRIMINAL DAMAGE,STREET
THEFT,RESIDENCE
NARCOTICS,STREET
NARCOTICS,SIDEWALK
WEAPONS VIOLATION,APARTMENT
OTHER OFFENSE,RESIDENCE
MOTOR VEHICLE THEFT,STREET
BURGLARY,COMMERCIAL / BUSINESS OFFICE
BATTERY,ALLEY
NARCOTICS,SIDEWALK
BATTERY,APARTMENT
THEFT,PARKING LOT/GARAGE(NON.RESID.)
CRIMINAL DAMAGE,RESIDENCE
THEFT,STREET
THEFT,DEPARTMENT STORE
BURGLARY,TAVERN/LIQUOR STORE
THEFT,STREET
NARCOTICS,POLICE FACILITY/VEH PARKING LOT
THEFT,RESIDENCE
CRIMINAL DAMAGE,RESIDENCE
THEFT,RESIDENCE
BURGLARY,APARTMENT
MOTOR VEHICLE THEFT,STREET
CRIMINAL DAMAGE,RESIDENCE
THEFT,DEPARTMENT STORE
MOTOR VEHICLE THEFT,RESIDENCE
OTHER OFFENSE,RESTAURANT
CRIMINAL DAMAGE,RESIDENCE
THEFT,PARKING LOT/GARAGE(NON.RESID.)
CRIMINAL DAMAGE,STREET
BATTERY,SIDEWALK
THEFT,STREET
OTHER OFFENSE,RESIDENCE
CRIMINAL DAMAGE,HOTEL/MOTEL
MOTOR VEHICLE THEFT,RESIDENCE
CRIMINAL DAMAGE,STREET
CRIMINAL DAMAGE,APARTMENT
NARCOTICS,SIDEWALK
BATTERY,RESIDENCE
NARCOTICS,STREET
ROBBERY,GAS STATION
OTHER OFFENSE,RESIDENCE
ASSAULT,SIDEWALK
THEFT,DEPARTMENT STORE
ROBBERY,SIDEWALK
KIDNAPPING,RESIDENCE
THEFT,CONVENIENCE STORE
THEFT,RESIDENCE
THEFT,VEHICLE NON-COMMERCIAL
THEFT,PARKING LOT/GARAGE(NON.RESID.)
CRIMINAL DAMAGE,STREET
CRIMINAL DAMAGE,RESTAURANT
BATTERY,RESIDENCE
CRIMINAL DAMAGE,CHA APARTMENT
BURGLARY,RESIDENCE
CRIMINAL DAMAGE,RESIDENCE
BURGLARY,APARTMENT
CRIMINAL DAMAGE,CTA GARAGE / OTHER PROPERTY
BATTERY,VEHICLE NON-COMMERCIAL
BATTERY,APARTMENT
THEFT,STREET
THEFT,BANK
THEFT,RESIDENCE
NARCOTICS,ALLEY
ROBBERY,STREET
OTHER OFFENSE,RESIDENCE
BATTERY,APARTMENT
THEFT,RESIDENCE
THEFT,RESIDENCE
THEFT,STREET
ROBBERY,ALLEY
THEFT,STREET
THEFT,SMALL RETAIL STORE
OTHER OFFENSE,RESIDENCE
ROBBERY,RESIDENCE PORCH/HALLWAY
DECEPTIVE PRACTICE,APARTMENT
THEFT,DEPARTMENT STORE
BATTERY,PARKING LOT/GARAGE(NON.RESID.)
ASSAULT,APARTMENT
ROBBERY,SIDEWALK
NARCOTICS,STREET
THEFT,RESIDENCE
MOTOR VEHICLE THEFT,STREET
BATTERY,APARTMENT
OTHER OFFENSE,RESIDENCE
BATTERY,RESIDENCE
BURGLARY,RESIDENCE
OFFENSE INVOLVING CHILDREN,APPLIANCE STORE
NARCOTICS,SIDEWALK
CRIMINAL DAMAGE,STREET
NARCOTICS,SIDEWALK
MOTOR VEHICLE THEFT,STREET
BATTERY,CTA BUS
CRIMINAL DAMAGE,STREET
CRIMINAL DAMAGE,APARTMENT
OTHER OFFENSE,RESIDENCE
THEFT,SPORTS ARENA/STADIUM
CRIMINAL DAMAGE,APARTMENT
THEFT,STREET
ASSAULT,TAXICAB
MOTOR VEHICLE THEFT,STREET
NARCOTICS,STREET
MOTOR VEHICLE THEFT,STREET
NARCOTICS,ALLEY
BATTERY,STREET
BATTERY,RESIDENCE
BATTERY,BAR OR TAVERN
BATTERY,RESIDENCE
INTERFERENCE WITH PUBLIC OFFICER,SIDEWALK
BATTERY,APARTMENT
THEFT,APARTMENT
THEFT,SMALL RETAIL STORE
CRIMINAL DAMAGE,APARTMENT
THEFT,STREET
CRIMINAL DAMAGE,STREET
CRIMINAL TRESPASS,SMALL RETAIL STORE
CRIMINAL DAMAGE,APARTMENT
WEAPONS VIOLATION,STREET
NARCOTICS,ALLEY
BATTERY,VEHICLE NON-COMMERCIAL
MOTOR VEHICLE THEFT,STREET
CRIMINAL TRESPASS,DEPARTMENT STORE
DECEPTIVE PRACTICE,CTA GARAGE / OTHER PROPERTY
NARCOTICS,STREET
THEFT,RESIDENTIAL YARD (FRONT/BACK)
CRIMINAL DAMAGE,RESIDENCE
NARCOTICS,SIDEWALK
ROBBERY,RESIDENCE PORCH/HALLWAY
THEFT,RESIDENCE
NARCOTICS,SIDEWALK
BATTERY,APARTMENT
BATTERY,STREET
BATTERY,RESIDENCE
THEFT,RESIDENCE
THEFT,STREET
OTHER OFFENSE,RESIDENCE
BATTERY,APARTMENT
MOTOR VEHICLE THEFT,STREET
NARCOTICS,SIDEWALK
ROBBERY,VEHICLE NON-COMMERCIAL
BURGLARY,APARTMENT
THEFT,RESIDENCE
THEFT,CTA PLATFORM
THEFT,STREET
BATTERY,CTA PLATFORM
NARCOTICS,PARKING LOT/GARAGE(NON.RESID.)
ROBBERY,ALLEY
THEFT,BAR OR TAVERN
BURGLARY,RESIDENCE
DECEPTIVE PRACTICE,DRUG STORE
THEFT,RESIDENCE
THEFT,STREET
BURGLARY,RESIDENCE-GARAGE
BATTERY,SIDEWALK
THEFT,RESIDENCE
OTHER OFFENSE,RESIDENCE
BURGLARY,RESIDENCE
ROBBERY,PARK PROPERTY
CRIMINAL DAMAGE,STREET
THEFT,SMALL RETAIL STORE
BURGLARY,APARTMENT
THEFT,STREET
THEFT,GROCERY FOOD STORE
NARCOTICS,PARKING LOT/GARAGE(NON.RESID.)
CRIMINAL DAMAGE,RESIDENCE
MOTOR VEHICLE THEFT,STREET
THEFT,RESIDENTIAL YARD (FRONT/BACK)
ROBBERY,SIDEWALK
DECEPTIVE PRACTICE,RESIDENCE
ROBBERY,RESIDENCE
THEFT,DEPARTMENT STORE
THEFT,FACTORY/MANUFACTURING BUILDING
ROBBERY,STREET
ROBBERY,STREET
CRIMINAL DAMAGE,RESIDENCE
BATTERY,APARTMENT
THEFT,APARTMENT
CRIMINAL DAMAGE,STREET
BATTERY,SIDEWALK
BURGLARY,RESIDENCE
CRIMINAL DAMAGE,RESIDENCE PORCH/HALLWAY
OTHER OFFENSE,RESIDENCE
NARCOTICS,SIDEWALK
CRIMINAL TRESPASS,GAS STATION
THEFT,STREET
BURGLARY,APARTMENT
CRIMINAL DAMAGE,PARKING LOT/GARAGE(NON.RESID.)
THEFT,GROCERY FOOD STORE
ROBBERY,CTA PLATFORM
CRIMINAL DAMAGE,RESIDENCE
NARCOTICS,STREET
DECEPTIVE PRACTICE,STREET
BURGLARY,APARTMENT
OTHER OFFENSE,ALLEY
BATTERY,RESIDENCE
GAMBLING,SIDEWALK
THEFT,STREET
DECEPTIVE PRACTICE,RESTAURANT
NARCOTICS,VEHICLE NON-COMMERCIAL
THEFT,STREET
BATTERY,RESIDENCE
MOTOR VEHICLE THEFT,STREET
NARCOTICS,SIDEWALK
PUBLIC PEACE VIOLATION,STREET
CRIMINAL DAMAGE,RESIDENCE
THEFT,STREET
CRIMINAL DAMAGE,STREET
THEFT,STREET
CRIMINAL DAMAGE,RESIDENCE
BATTERY,RESIDENCE PORCH/HALLWAY
ASSAULT,APARTMENT
BURGLARY,APARTMENT
THEFT,VEHICLE NON-COMMERCIAL
CRIMINAL DAMAGE,STREET
BATTERY,PARKING LOT/GARAGE(NON.RESID.)
BATTERY,RESIDENCE
THEFT,RESTAURANT
BATTERY,APARTMENT
CRIMINAL DAMAGE,VEHICLE NON-COMMERCIAL
DECEPTIVE PRACTICE,RESIDENCE
CRIMINAL TRESPASS,CTA PLATFORM
BATTERY,APARTMENT
THEFT,DEPARTMENT STORE
NARCOTICS,SIDEWALK
BATTERY,STREET
THEFT,SIDEWALK
DECEPTIVE PRACTICE,DEPARTMENT STORE
BATTERY,ALLEY
THEFT,STREET
BATTERY,APARTMENT
ASSAULT,SIDEWALK
OTHER OFFENSE,STREET
BATTERY,RESIDENCE PORCH/HALLWAY
NARCOTICS,SIDEWALK
OTHER OFFENSE,STREET
THEFT,SMALL RETAIL STORE
BATTERY,RESIDENCE
MOTOR VEHICLE THEFT,STREET
BATTERY,APARTMENT
NARCOTICS,PARKING LOT/GARAGE(NON.RESID.)
THEFT,VACANT LOT/LAND
MOTOR VEHICLE THEFT,PARKING LOT/GARAGE(NON.RESID.)
NARCOTICS,RESIDENCE
ASSAULT,STREET
THEFT,RESTAURANT
BATTERY,APARTMENT
OTHER OFFENSE,STREET
ROBBERY,SIDEWALK
BATTERY,STREET
WEAPONS VIOLATION,APARTMENT
CRIMINAL DAMAGE,SIDEWALK
NARCOTICS,SIDEWALK
THEFT,APARTMENT
THEFT,GROCERY FOOD STORE
NARCOTICS,SIDEWALK
MOTOR VEHICLE THEFT,STREET
THEFT,RESIDENCE
THEFT,SMALL RETAIL STORE
BATTERY,RESIDENCE
DECEPTIVE PRACTICE,NURSING HOME/RETIREMENT HOME
ROBBERY,CTA BUS
BATTERY,APARTMENT
NARCOTICS,ALLEY
CRIMINAL TRESPASS,RESIDENCE PORCH/HALLWAY
THEFT,STREET
OTHER OFFENSE,RESIDENCE
BATTERY,RESIDENCE
BATTERY,APARTMENT
BATTERY,APARTMENT
THEFT,VEHICLE NON-COMMERCIAL
BATTERY,RESIDENCE PORCH/HALLWAY
CRIMINAL DAMAGE,STREET
DECEPTIVE PRACTICE,GAS STATION
BURGLARY,RESIDENCE
CRIMINAL DAMAGE,APARTMENT
THEFT,DEPARTMENT STORE
MOTOR VEHICLE THEFT,STREET
THEFT,PARKING LOT/GARAGE(NON.RESID.)
NARCOTICS,APARTMENT
THEFT,STREET
ASSAULT,RESTAURANT
BURGLARY,APARTMENT
BURGLARY,APARTMENT
BURGLARY,RESIDENCE
DECEPTIVE PRACTICE,RESIDENCE
NARCOTICS,STREET
DECEPTIVE PRACTICE,RESTAURANT
BATTERY,APARTMENT
NARCOTICS,SIDEWALK
CRIMINAL DAMAGE,COMMERCIAL / BUSINESS OFFICE
THEFT,APARTMENT
BATTERY,APARTMENT
OFFENSE INVOLVING CHILDREN,CHA APARTMENT
DECEPTIVE PRACTICE,RESIDENCE
CRIMINAL TRESPASS,COMMERCIAL / BUSINESS OFFICE
ASSAULT,STREET
DECEPTIVE PRACTICE,RESIDENCE
ROBBERY,STREET
CRIMINAL DAMAGE,RESIDENCE PORCH/HALLWAY
BATTERY,SIDEWALK
THEFT,CONVENIENCE STORE
ASSAULT,RESIDENTIAL YARD (FRONT/BACK)
THEFT,RESIDENCE
CRIMINAL DAMAGE,ABANDONED BUILDING
BATTERY,RESIDENCE
BATTERY,STREET
NARCOTICS,RESIDENCE PORCH/HALLWAY
OTHER OFFENSE,RESIDENCE
MOTOR VEHICLE THEFT,STREET
DECEPTIVE PRACTICE,RESIDENCE
THEFT,RESTAURANT
BATTERY,APARTMENT
THEFT,RESIDENCE
ASSAULT,SIDEWALK
CRIMINAL DAMAGE,PARKING LOT/GARAGE(NON.RESID.)
CRIMINAL DAMAGE,JAIL / LOCK-UP FACILITY
THEFT,SMALL RETAIL STORE
THEFT,STREET
CRIMINAL DAMAGE,STREET
ROBBERY,VEHICLE NON-COMMERCIAL
BATTERY,VEHICLE NON-COMMERCIAL
BATTERY,STREET
THEFT,STREET
THEFT,ATM (AUTOMATIC TELLER MACHINE)
MOTOR VEHICLE THEFT,STREET
NARCOTICS,ALLEY
THEFT,VEHICLE NON-COMMERCIAL
ASSAULT,CTA PLATFORM
WEAPONS VIOLATION,STREET
CRIMINAL DAMAGE,PARKING LOT/GARAGE(NON.RESID.)
BURGLARY,VACANT LOT/LAND
CRIMINAL TRESPASS,TAVERN/LIQUOR STORE
THEFT,STREET
THEFT,DEPARTMENT STORE
BATTERY,RESIDENCE PORCH/HALLWAY
THEFT,DEPARTMENT STORE
BATTERY,SIDEWALK
THEFT,PARKING LOT/GARAGE(NON.RESID.)
BATTERY,CTA TRAIN
DECEPTIVE PRACTICE,SMALL RETAIL STORE
ROBBERY,CTA BUS STOP
BATTERY,RESIDENCE
BATTERY,RESIDENCE
ROBBERY,SIDEWALK
ROBBERY,SIDEWALK
NARCOTICS,SIDEWALK
